participant_id,project,session_id,timestamp,event_type,element_id,value,duration_ms,model_latency_ms,task_success,error_type
P1_001,project1,P1_001_S01,2025-02-01T09:45:00,view,submit_button,,4834,1220,1,
P1_001,project1,P1_001_S01,2025-02-01T09:45:37,view,submit_button,n/a,3106,268,1,
P1_001,project1,P1_001_S01,2025-02-01T09:46:05,view,recommendation_card,,1263,1695,1,invalid_input
P1_001,project1,P1_001_S01,2025-02-01T09:46:27,click,story_panel,n/a,824,702,1,
P1_001,project1,P1_001_S01,2025-02-01T09:46:36,submit,submit_button,n/a,2659,1455,0,
P1_001,project1,P1_001_S01,2025-02-01T09:46:41,click,submit_button,skipped,4801,1702,1,
P1_001,project1,P1_001_S01,2025-02-01T09:47:04,view,story_panel,n/a,2590,1688,1,
P1_001,project1,P1_001_S01,2025-02-01T09:47:39,click,submit_button,,2490,1710,1,
P1_001,project1,P1_001_S01,2025-02-01T09:47:49,view,story_panel,edited,2164,471,1,
P1_001,project1,P1_001_S02,2025-02-01T09:01:00,view,music_player,n/a,1338,1549,1,
P1_001,project1,P1_001_S02,2025-02-01T09:01:21,ai_request,music_player,skipped,1581,1280,1,
P1_001,project1,P1_001_S02,2025-02-01T09:01:31,ai_response,submit_button,liked,4162,1741,1,
P1_001,project1,P1_001_S02,2025-02-01T09:01:51,submit,feedback_modal,liked,1827,1383,1,
P1_001,project1,P1_001_S02,2025-02-01T09:02:12,ai_request,story_panel,,1472,1150,1,
P1_001,project1,P1_001_S02,2025-02-01T09:02:51,view,feedback_modal,skipped,3987,737,1,
P1_001,project1,P1_001_S02,2025-02-01T09:02:56,view,recommendation_card,skipped,2686,1285,1,
P1_001,project1,P1_001_S02,2025-02-01T09:03:35,submit,recommendation_card,n/a,2333,886,1,
P1_001,project1,P1_001_S02,2025-02-01T09:03:56,submit,recommendation_card,skipped,2080,1703,1,
P1_001,project1,P1_001_S02,2025-02-01T09:04:34,click,feedback_modal,liked,2666,1321,0,
P1_001,project1,P1_001_S02,2025-02-01T09:04:43,view,story_panel,n/a,951,1603,1,
P1_001,project1,P1_001_S02,2025-02-01T09:05:06,view,story_panel,,853,316,1,
P1_001,project1,P1_001_S02,2025-02-01T09:05:24,ai_response,feedback_modal,,1082,376,1,
P1_002,project1,P1_002_S01,2025-02-01T10:29:00,view,recommendation_card,,3814,766,1,
P1_002,project1,P1_002_S01,2025-02-01T10:29:25,view,story_panel,edited,611,983,1,invalid_input
P1_002,project1,P1_002_S01,2025-02-01T10:29:46,ai_response,style_picker,liked,3709,342,1,timeout
P1_002,project1,P1_002_S01,2025-02-01T10:30:16,view,recommendation_card,,1278,1307,1,
P1_002,project1,P1_002_S01,2025-02-01T10:30:27,ai_response,feedback_modal,edited,946,271,0,
P1_002,project1,P1_002_S01,2025-02-01T10:30:48,ai_request,story_panel,skipped,1319,1537,1,timeout
P1_002,project1,P1_002_S01,2025-02-01T10:31:17,view,feedback_modal,edited,3305,1376,0,
P1_002,project1,P1_002_S01,2025-02-01T10:31:53,click,recommendation_card,,4524,662,0,timeout
P1_002,project1,P1_002_S01,2025-02-01T10:32:28,view,submit_button,edited,2831,1596,1,
P1_003,project1,P1_003_S01,2025-02-01T10:08:00,ai_response,story_panel,skipped,2475,1526,1,
P1_003,project1,P1_003_S01,2025-02-01T10:08:29,submit,style_picker,skipped,974,1491,1,
P1_003,project1,P1_003_S01,2025-02-01T10:09:02,ai_request,music_player,,1681,251,1,
P1_003,project1,P1_003_S01,2025-02-01T10:09:38,click,submit_button,edited,4193,1293,1,
P1_003,project1,P1_003_S01,2025-02-01T10:09:44,view,story_panel,edited,450,1030,1,
P1_003,project1,P1_003_S01,2025-02-01T10:10:22,click,feedback_modal,n/a,1320,1717,1,timeout
P1_003,project1,P1_003_S01,2025-02-01T10:10:29,ai_request,recommendation_card,,3960,1466,0,
P1_003,project1,P1_003_S01,2025-02-01T10:10:42,view,feedback_modal,,2617,399,1,
P1_003,project1,P1_003_S01,2025-02-01T10:10:51,ai_request,story_panel,,4172,1418,1,
P1_003,project1,P1_003_S01,2025-02-01T10:11:08,click,feedback_modal,skipped,2756,447,1,
P1_003,project1,P1_003_S01,2025-02-01T10:11:21,click,music_player,,4958,555,1,
P1_003,project1,P1_003_S01,2025-02-01T10:11:35,ai_request,music_player,edited,4633,537,1,timeout
P1_003,project1,P1_003_S01,2025-02-01T10:11:42,view,feedback_modal,n/a,3181,1792,1,
P1_003,project1,P1_003_S01,2025-02-01T10:11:52,view,music_player,,4963,781,1,
P1_003,project1,P1_003_S02,2025-02-01T10:28:00,view,feedback_modal,edited,4385,1122,1,timeout
P1_003,project1,P1_003_S02,2025-02-01T10:28:07,click,feedback_modal,skipped,821,1484,1,
P1_003,project1,P1_003_S02,2025-02-01T10:28:38,view,music_player,liked,1062,1285,1,
P1_003,project1,P1_003_S02,2025-02-01T10:29:17,click,recommendation_card,liked,2364,308,1,
P1_003,project1,P1_003_S02,2025-02-01T10:29:52,click,music_player,,542,1520,1,
P1_003,project1,P1_003_S02,2025-02-01T10:30:13,click,recommendation_card,,955,1716,0,
P1_003,project1,P1_003_S02,2025-02-01T10:30:28,ai_request,recommendation_card,n/a,1050,345,1,
P1_003,project1,P1_003_S02,2025-02-01T10:30:53,click,feedback_modal,edited,1984,1795,1,
P1_003,project1,P1_003_S02,2025-02-01T10:31:13,ai_request,music_player,skipped,1907,350,1,
P1_004,project1,P1_004_S01,2025-02-01T09:27:00,click,recommendation_card,edited,1217,1137,1,
P1_004,project1,P1_004_S01,2025-02-01T09:27:22,view,music_player,,4758,322,1,
P1_004,project1,P1_004_S01,2025-02-01T09:27:56,click,music_player,edited,1901,804,1,
P1_004,project1,P1_004_S01,2025-02-01T09:28:11,click,submit_button,liked,808,1043,1,
P1_004,project1,P1_004_S01,2025-02-01T09:28:29,click,recommendation_card,edited,218,1695,1,
P1_004,project1,P1_004_S01,2025-02-01T09:28:49,click,submit_button,liked,4947,505,1,
P1_004,project1,P1_004_S01,2025-02-01T09:29:20,error,story_panel,skipped,4230,268,1,
P1_004,project1,P1_004_S01,2025-02-01T09:29:31,click,music_player,,4675,1742,0,
P1_004,project1,P1_004_S01,2025-02-01T09:29:49,view,style_picker,liked,843,232,1,
P1_004,project1,P1_004_S01,2025-02-01T09:30:23,ai_response,feedback_modal,n/a,299,1131,1,
P1_004,project1,P1_004_S01,2025-02-01T09:30:53,view,style_picker,skipped,111,1484,0,
P1_004,project1,P1_004_S01,2025-02-01T09:31:19,click,style_picker,skipped,2310,1629,1,
P1_005,project1,P1_005_S01,2025-02-01T10:19:00,ai_request,story_panel,n/a,3081,305,1,
P1_005,project1,P1_005_S01,2025-02-01T10:19:07,click,music_player,n/a,648,1348,1,
P1_005,project1,P1_005_S01,2025-02-01T10:19:33,view,story_panel,skipped,4852,1639,1,
P1_005,project1,P1_005_S01,2025-02-01T10:19:52,click,style_picker,n/a,3564,767,0,
P1_005,project1,P1_005_S01,2025-02-01T10:20:25,click,submit_button,,3951,1653,1,
P1_005,project1,P1_005_S01,2025-02-01T10:20:48,click,style_picker,,1642,1137,0,
P1_005,project1,P1_005_S01,2025-02-01T10:21:04,view,story_panel,,1449,765,1,
P1_005,project1,P1_005_S01,2025-02-01T10:21:18,ai_response,submit_button,,2501,1053,1,
P1_005,project1,P1_005_S01,2025-02-01T10:21:31,click,recommendation_card,skipped,275,797,1,
P1_005,project1,P1_005_S01,2025-02-01T10:21:50,ai_request,submit_button,edited,3472,1385,1,
P1_006,project1,P1_006_S01,2025-02-01T10:15:00,submit,submit_button,skipped,3851,822,1,
P1_006,project1,P1_006_S01,2025-02-01T10:15:24,view,style_picker,liked,4066,961,1,
P1_006,project1,P1_006_S01,2025-02-01T10:15:32,view,style_picker,skipped,1462,1466,1,
P1_006,project1,P1_006_S01,2025-02-01T10:15:55,view,music_player,liked,1420,687,1,invalid_input
P1_006,project1,P1_006_S01,2025-02-01T10:16:08,click,style_picker,liked,1780,1351,1,
P1_006,project1,P1_006_S01,2025-02-01T10:16:35,view,recommendation_card,n/a,1431,1292,1,timeout
P1_006,project1,P1_006_S01,2025-02-01T10:17:05,ai_response,music_player,skipped,2723,519,0,
P1_006,project1,P1_006_S01,2025-02-01T10:17:42,click,feedback_modal,edited,3982,793,1,
P1_006,project1,P1_006_S01,2025-02-01T10:17:56,ai_request,feedback_modal,skipped,2874,1611,1,
P1_006,project1,P1_006_S01,2025-02-01T10:18:03,view,submit_button,,2623,250,1,
P1_006,project1,P1_006_S01,2025-02-01T10:18:36,click,style_picker,,1698,1394,1,
P1_006,project1,P1_006_S01,2025-02-01T10:18:58,view,story_panel,n/a,3749,1586,1,
P1_006,project1,P1_006_S01,2025-02-01T10:19:35,click,recommendation_card,edited,4290,314,1,
P1_006,project1,P1_006_S02,2025-02-01T10:31:00,click,recommendation_card,edited,199,782,1,
P1_006,project1,P1_006_S02,2025-02-01T10:31:33,ai_response,story_panel,liked,3739,1718,1,
P1_006,project1,P1_006_S02,2025-02-01T10:31:56,view,feedback_modal,skipped,3493,485,1,
P1_006,project1,P1_006_S02,2025-02-01T10:32:10,view,recommendation_card,n/a,2847,335,1,
P1_006,project1,P1_006_S02,2025-02-01T10:32:39,view,recommendation_card,edited,3495,558,1,
P1_006,project1,P1_006_S02,2025-02-01T10:32:52,view,recommendation_card,edited,4637,1204,0,
P1_006,project1,P1_006_S02,2025-02-01T10:33:16,click,feedback_modal,skipped,1939,254,1,
P1_006,project1,P1_006_S02,2025-02-01T10:33:40,ai_response,feedback_modal,skipped,1117,1539,1,
P1_006,project1,P1_006_S02,2025-02-01T10:33:56,click,feedback_modal,liked,333,444,1,
P1_006,project1,P1_006_S02,2025-02-01T10:34:05,click,style_picker,n/a,4036,1358,1,
P1_006,project1,P1_006_S02,2025-02-01T10:34:40,error,story_panel,edited,4298,1701,1,
P1_006,project1,P1_006_S02,2025-02-01T10:34:55,click,music_player,edited,3876,1619,1,
P1_006,project1,P1_006_S02,2025-02-01T10:35:17,click,feedback_modal,edited,499,793,1,
P1_006,project1,P1_006_S02,2025-02-01T10:35:26,click,feedback_modal,liked,874,1426,1,
P1_007,project1,P1_007_S01,2025-02-01T09:34:00,submit,style_picker,,4477,1387,1,
P1_007,project1,P1_007_S01,2025-02-01T09:34:13,click,style_picker,skipped,3475,896,1,
P1_007,project1,P1_007_S01,2025-02-01T09:34:31,view,music_player,liked,4676,1456,1,timeout
P1_007,project1,P1_007_S01,2025-02-01T09:35:10,ai_request,feedback_modal,,3518,1143,1,
P1_007,project1,P1_007_S01,2025-02-01T09:35:23,ai_response,recommendation_card,edited,2652,1615,1,
P1_007,project1,P1_007_S01,2025-02-01T09:36:01,ai_request,style_picker,liked,2595,258,1,
P1_007,project1,P1_007_S01,2025-02-01T09:36:14,ai_response,music_player,liked,2618,456,1,invalid_input
P1_007,project1,P1_007_S01,2025-02-01T09:36:46,submit,story_panel,,254,1786,1,
P1_007,project1,P1_007_S01,2025-02-01T09:37:03,view,feedback_modal,n/a,4959,321,1,timeout
P1_007,project1,P1_007_S01,2025-02-01T09:37:10,view,feedback_modal,,890,453,1,
P1_007,project1,P1_007_S01,2025-02-01T09:37:27,view,style_picker,,843,498,1,timeout
P1_007,project1,P1_007_S01,2025-02-01T09:37:54,click,submit_button,n/a,2081,1234,1,
P1_007,project1,P1_007_S01,2025-02-01T09:37:59,click,feedback_modal,liked,2408,551,1,
P1_007,project1,P1_007_S02,2025-02-01T10:58:00,ai_response,feedback_modal,skipped,3102,1629,1,
P1_007,project1,P1_007_S02,2025-02-01T10:58:11,view,style_picker,skipped,3574,638,1,
P1_007,project1,P1_007_S02,2025-02-01T10:58:36,view,story_panel,n/a,1213,1215,1,
P1_007,project1,P1_007_S02,2025-02-01T10:59:16,ai_request,story_panel,edited,4144,436,1,
P1_007,project1,P1_007_S02,2025-02-01T10:59:40,submit,recommendation_card,liked,4637,1034,1,
P1_007,project1,P1_007_S02,2025-02-01T10:59:57,ai_response,recommendation_card,edited,1568,226,1,
P1_007,project1,P1_007_S02,2025-02-01T11:00:08,click,submit_button,,1076,493,1,
P1_007,project1,P1_007_S02,2025-02-01T11:00:19,ai_request,music_player,,3079,607,1,
P1_007,project1,P1_007_S02,2025-02-01T11:00:49,view,recommendation_card,skipped,2381,1766,1,
P1_008,project1,P1_008_S01,2025-02-01T09:45:00,submit,recommendation_card,skipped,4289,771,1,
P1_008,project1,P1_008_S01,2025-02-01T09:45:12,view,recommendation_card,liked,1202,260,0,
P1_008,project1,P1_008_S01,2025-02-01T09:45:21,click,story_panel,liked,3234,1438,1,
P1_008,project1,P1_008_S01,2025-02-01T09:45:32,ai_request,feedback_modal,n/a,4132,1154,1,
P1_008,project1,P1_008_S01,2025-02-01T09:46:08,click,submit_button,edited,4528,1319,0,
P1_008,project1,P1_008_S01,2025-02-01T09:46:40,ai_response,story_panel,skipped,3787,844,1,
P1_008,project1,P1_008_S01,2025-02-01T09:46:47,view,submit_button,edited,1444,1206,1,
P1_008,project1,P1_008_S01,2025-02-01T09:47:16,click,story_panel,n/a,4118,1551,1,
P1_008,project1,P1_008_S01,2025-02-01T09:47:51,click,music_player,n/a,556,1001,1,
P1_008,project1,P1_008_S01,2025-02-01T09:48:20,submit,style_picker,edited,2725,325,0,
P1_008,project1,P1_008_S01,2025-02-01T09:48:48,click,feedback_modal,n/a,320,1767,1,
P1_008,project1,P1_008_S02,2025-02-01T09:54:00,error,recommendation_card,edited,562,1554,1,
P1_008,project1,P1_008_S02,2025-02-01T09:54:24,click,feedback_modal,,2597,434,1,
P1_008,project1,P1_008_S02,2025-02-01T09:54:49,view,feedback_modal,skipped,4753,1254,1,
P1_008,project1,P1_008_S02,2025-02-01T09:55:24,click,style_picker,skipped,4772,999,1,
P1_008,project1,P1_008_S02,2025-02-01T09:56:00,view,feedback_modal,liked,2852,1217,1,
P1_008,project1,P1_008_S02,2025-02-01T09:56:26,view,style_picker,edited,3671,613,1,
P1_008,project1,P1_008_S02,2025-02-01T09:56:35,ai_request,submit_button,liked,2454,743,0,invalid_input
P1_008,project1,P1_008_S02,2025-02-01T09:57:05,ai_request,submit_button,,4836,394,1,
P1_008,project1,P1_008_S02,2025-02-01T09:57:43,click,music_player,edited,728,1534,1,
P1_008,project1,P1_008_S02,2025-02-01T09:58:07,click,submit_button,edited,1739,1048,1,
P1_009,project1,P1_009_S01,2025-02-01T10:52:00,submit,submit_button,liked,4825,1222,1,timeout
P1_009,project1,P1_009_S01,2025-02-01T10:52:34,view,feedback_modal,n/a,3653,1359,1,
P1_009,project1,P1_009_S01,2025-02-01T10:52:51,click,music_player,liked,1332,1728,1,
P1_009,project1,P1_009_S01,2025-02-01T10:53:23,click,story_panel,liked,3478,746,1,
P1_009,project1,P1_009_S01,2025-02-01T10:53:44,submit,music_player,skipped,2053,432,1,
P1_009,project1,P1_009_S01,2025-02-01T10:54:08,click,submit_button,skipped,3557,1524,1,
P1_009,project1,P1_009_S01,2025-02-01T10:54:30,view,style_picker,edited,4611,560,1,
P1_009,project1,P1_009_S01,2025-02-01T10:55:06,ai_request,story_panel,,2671,1432,1,
P1_010,project1,P1_010_S01,2025-02-01T10:25:00,ai_response,recommendation_card,liked,2033,429,1,
P1_010,project1,P1_010_S01,2025-02-01T10:25:12,click,submit_button,n/a,2162,1216,1,
P1_010,project1,P1_010_S01,2025-02-01T10:25:24,ai_request,style_picker,edited,4886,1709,1,
P1_010,project1,P1_010_S01,2025-02-01T10:25:44,ai_response,music_player,liked,975,558,1,
P1_010,project1,P1_010_S01,2025-02-01T10:26:15,view,submit_button,,4117,1292,1,timeout
P1_010,project1,P1_010_S01,2025-02-01T10:26:40,click,recommendation_card,liked,2375,496,1,
P1_010,project1,P1_010_S01,2025-02-01T10:27:04,view,submit_button,,547,1614,1,
P1_010,project1,P1_010_S01,2025-02-01T10:27:25,click,style_picker,edited,1099,1295,1,
P1_010,project1,P1_010_S01,2025-02-01T10:27:54,view,recommendation_card,edited,2564,384,1,
P1_010,project1,P1_010_S01,2025-02-01T10:28:18,view,music_player,skipped,2698,1770,1,
P1_010,project1,P1_010_S01,2025-02-01T10:28:40,ai_response,recommendation_card,skipped,3482,881,1,
P1_010,project1,P1_010_S01,2025-02-01T10:28:51,ai_request,feedback_modal,edited,4247,335,1,
P1_010,project1,P1_010_S01,2025-02-01T10:29:31,ai_request,recommendation_card,,526,1513,1,
P1_010,project1,P1_010_S02,2025-02-01T09:00:00,view,style_picker,edited,4817,368,1,
P1_010,project1,P1_010_S02,2025-02-01T09:00:13,ai_request,feedback_modal,skipped,2716,1124,1,
P1_010,project1,P1_010_S02,2025-02-01T09:00:34,view,submit_button,edited,2408,606,0,
P1_010,project1,P1_010_S02,2025-02-01T09:01:04,ai_response,submit_button,liked,269,247,1,
P1_010,project1,P1_010_S02,2025-02-01T09:01:23,ai_response,recommendation_card,liked,2244,1636,1,
P1_010,project1,P1_010_S02,2025-02-01T09:01:55,submit,music_player,,3114,548,1,
P1_010,project1,P1_010_S02,2025-02-01T09:02:33,click,recommendation_card,skipped,1070,659,1,
P1_010,project1,P1_010_S02,2025-02-01T09:02:55,view,recommendation_card,skipped,1166,1083,1,
P1_010,project1,P1_010_S02,2025-02-01T09:03:18,ai_request,music_player,skipped,1577,1036,1,
P1_010,project1,P1_010_S02,2025-02-01T09:03:39,view,recommendation_card,liked,3128,1393,1,
P1_010,project1,P1_010_S02,2025-02-01T09:03:44,click,style_picker,skipped,1838,1660,1,
P1_011,project1,P1_011_S01,2025-02-01T09:12:00,view,style_picker,liked,3957,925,1,timeout
P1_011,project1,P1_011_S01,2025-02-01T09:12:07,view,submit_button,n/a,3220,819,1,
P1_011,project1,P1_011_S01,2025-02-01T09:12:20,ai_response,submit_button,,4855,567,1,
P1_011,project1,P1_011_S01,2025-02-01T09:12:46,ai_response,music_player,,2699,1654,1,
P1_011,project1,P1_011_S01,2025-02-01T09:12:58,click,music_player,skipped,2401,1731,1,
P1_011,project1,P1_011_S01,2025-02-01T09:13:19,submit,style_picker,n/a,2664,1092,1,
P1_011,project1,P1_011_S01,2025-02-01T09:13:55,ai_request,music_player,n/a,3704,308,1,
P1_011,project1,P1_011_S01,2025-02-01T09:14:11,view,style_picker,liked,3926,1093,1,
P1_011,project1,P1_011_S01,2025-02-01T09:14:47,view,style_picker,n/a,4074,1137,1,
P1_011,project1,P1_011_S01,2025-02-01T09:15:01,view,story_panel,liked,2427,569,1,
P1_011,project1,P1_011_S01,2025-02-01T09:15:23,click,feedback_modal,n/a,1839,1395,1,
P1_011,project1,P1_011_S01,2025-02-01T09:15:39,click,story_panel,liked,4180,1586,0,
P1_012,project1,P1_012_S01,2025-02-01T09:50:00,click,story_panel,edited,1359,259,0,
P1_012,project1,P1_012_S01,2025-02-01T09:50:35,click,style_picker,n/a,147,874,1,
P1_012,project1,P1_012_S01,2025-02-01T09:51:08,click,feedback_modal,n/a,1159,632,1,
P1_012,project1,P1_012_S01,2025-02-01T09:51:31,click,story_panel,,4582,1433,1,
P1_012,project1,P1_012_S01,2025-02-01T09:51:47,view,recommendation_card,,268,626,1,
P1_012,project1,P1_012_S01,2025-02-01T09:52:10,submit,feedback_modal,liked,1087,811,1,
P1_012,project1,P1_012_S01,2025-02-01T09:52:34,ai_response,submit_button,liked,3041,1562,0,
P1_012,project1,P1_012_S01,2025-02-01T09:52:51,click,recommendation_card,skipped,2299,1353,1,
P1_012,project1,P1_012_S01,2025-02-01T09:53:23,ai_request,submit_button,liked,3656,1491,1,
P1_012,project1,P1_012_S01,2025-02-01T09:53:49,error,feedback_modal,liked,1370,1214,1,
P1_013,project1,P1_013_S01,2025-02-01T09:59:00,view,recommendation_card,edited,1317,461,1,
P1_013,project1,P1_013_S01,2025-02-01T09:59:20,click,style_picker,n/a,490,1328,0,
P1_013,project1,P1_013_S01,2025-02-01T09:59:31,click,recommendation_card,,3906,1553,1,
P1_013,project1,P1_013_S01,2025-02-01T09:59:58,view,story_panel,n/a,233,433,1,
P1_013,project1,P1_013_S01,2025-02-01T10:00:14,ai_request,story_panel,,3509,1642,1,
P1_013,project1,P1_013_S01,2025-02-01T10:00:48,ai_request,recommendation_card,n/a,2271,899,1,
P1_013,project1,P1_013_S01,2025-02-01T10:01:04,view,story_panel,n/a,2224,1579,1,
P1_013,project1,P1_013_S01,2025-02-01T10:01:09,click,story_panel,liked,4008,1142,1,
P1_013,project1,P1_013_S01,2025-02-01T10:01:45,click,submit_button,edited,3335,819,0,
P1_013,project1,P1_013_S01,2025-02-01T10:02:02,view,story_panel,liked,319,628,1,
P1_013,project1,P1_013_S01,2025-02-01T10:02:22,click,feedback_modal,n/a,1663,376,1,
P1_013,project1,P1_013_S02,2025-02-01T09:54:00,view,music_player,skipped,4073,1165,0,
P1_013,project1,P1_013_S02,2025-02-01T09:54:20,view,submit_button,skipped,517,883,0,
P1_013,project1,P1_013_S02,2025-02-01T09:54:52,error,recommendation_card,n/a,4981,1697,1,
P1_013,project1,P1_013_S02,2025-02-01T09:55:28,click,submit_button,n/a,4096,674,1,
P1_013,project1,P1_013_S02,2025-02-01T09:56:00,click,submit_button,,2294,1527,1,
P1_013,project1,P1_013_S02,2025-02-01T09:56:36,submit,feedback_modal,edited,3772,1628,1,
P1_013,project1,P1_013_S02,2025-02-01T09:56:53,click,recommendation_card,liked,4258,649,1,
P1_013,project1,P1_013_S02,2025-02-01T09:57:27,view,style_picker,skipped,3514,1578,1,
P1_014,project1,P1_014_S01,2025-02-01T10:19:00,view,feedback_modal,,4055,464,1,
P1_014,project1,P1_014_S01,2025-02-01T10:19:36,view,recommendation_card,skipped,2587,680,1,
P1_014,project1,P1_014_S01,2025-02-01T10:19:42,click,style_picker,edited,1399,557,1,
P1_014,project1,P1_014_S01,2025-02-01T10:19:49,ai_request,style_picker,skipped,1033,1464,1,
P1_014,project1,P1_014_S01,2025-02-01T10:20:25,view,style_picker,edited,482,1777,1,
P1_014,project1,P1_014_S01,2025-02-01T10:20:39,ai_response,submit_button,n/a,953,1646,0,timeout
P1_014,project1,P1_014_S01,2025-02-01T10:21:13,ai_response,story_panel,,934,1351,0,
P1_014,project1,P1_014_S01,2025-02-01T10:21:25,ai_response,style_picker,liked,2493,1650,1,
P1_014,project1,P1_014_S01,2025-02-01T10:21:36,view,style_picker,edited,1228,451,1,
P1_015,project1,P1_015_S01,2025-02-01T09:31:00,ai_request,style_picker,edited,4237,550,0,
P1_015,project1,P1_015_S01,2025-02-01T09:31:31,click,feedback_modal,liked,1341,1742,1,
P1_015,project1,P1_015_S01,2025-02-01T09:31:50,view,recommendation_card,skipped,3453,1139,1,
P1_015,project1,P1_015_S01,2025-02-01T09:32:18,ai_response,recommendation_card,liked,181,1669,1,timeout
P1_015,project1,P1_015_S01,2025-02-01T09:32:28,click,recommendation_card,liked,3655,325,1,
P1_015,project1,P1_015_S01,2025-02-01T09:32:42,ai_response,story_panel,n/a,2522,1058,1,
P1_015,project1,P1_015_S01,2025-02-01T09:33:22,ai_response,feedback_modal,edited,2919,216,1,timeout
P1_015,project1,P1_015_S01,2025-02-01T09:33:36,ai_request,recommendation_card,liked,4559,1478,1,
P1_015,project1,P1_015_S01,2025-02-01T09:34:03,ai_response,feedback_modal,skipped,1716,817,0,
P1_015,project1,P1_015_S01,2025-02-01T09:34:32,ai_request,feedback_modal,liked,4363,1307,1,
P1_015,project1,P1_015_S01,2025-02-01T09:35:12,click,style_picker,liked,291,257,1,
P1_015,project1,P1_015_S01,2025-02-01T09:35:33,view,style_picker,skipped,4239,426,1,
P1_015,project1,P1_015_S01,2025-02-01T09:35:54,submit,style_picker,,491,1749,1,
P1_015,project1,P1_015_S01,2025-02-01T09:36:18,click,story_panel,skipped,2876,683,1,invalid_input
P1_016,project1,P1_016_S01,2025-02-01T09:44:00,view,feedback_modal,n/a,1246,1662,1,
P1_016,project1,P1_016_S01,2025-02-01T09:44:11,click,submit_button,liked,3059,1130,0,
P1_016,project1,P1_016_S01,2025-02-01T09:44:42,view,story_panel,skipped,1165,1175,1,
P1_016,project1,P1_016_S01,2025-02-01T09:45:20,click,submit_button,n/a,3334,740,1,
P1_016,project1,P1_016_S01,2025-02-01T09:45:53,submit,recommendation_card,skipped,1434,495,1,
P1_016,project1,P1_016_S01,2025-02-01T09:46:27,view,feedback_modal,n/a,4434,441,1,
P1_016,project1,P1_016_S01,2025-02-01T09:46:34,ai_request,submit_button,edited,1072,1432,1,
P1_016,project1,P1_016_S01,2025-02-01T09:47:02,click,story_panel,n/a,1355,441,1,invalid_input
P1_016,project1,P1_016_S01,2025-02-01T09:47:26,view,story_panel,liked,1264,1407,1,timeout
P1_016,project1,P1_016_S01,2025-02-01T09:47:50,ai_response,music_player,liked,4104,204,1,
P1_017,project1,P1_017_S01,2025-02-01T10:01:00,click,recommendation_card,edited,3190,1173,1,
P1_017,project1,P1_017_S01,2025-02-01T10:01:13,ai_request,submit_button,skipped,3785,1566,1,
P1_017,project1,P1_017_S01,2025-02-01T10:01:38,view,submit_button,n/a,3455,993,1,
P1_017,project1,P1_017_S01,2025-02-01T10:02:17,view,feedback_modal,skipped,2372,1522,0,
P1_017,project1,P1_017_S01,2025-02-01T10:02:23,click,feedback_modal,edited,4696,1521,1,
P1_017,project1,P1_017_S01,2025-02-01T10:02:40,ai_response,submit_button,n/a,533,1367,1,
P1_017,project1,P1_017_S01,2025-02-01T10:03:17,ai_response,story_panel,n/a,1572,238,1,
P1_017,project1,P1_017_S01,2025-02-01T10:03:50,view,submit_button,n/a,2724,1022,1,
P1_017,project1,P1_017_S01,2025-02-01T10:03:56,click,music_player,skipped,297,1281,1,
P1_017,project1,P1_017_S01,2025-02-01T10:04:08,error,submit_button,liked,2437,494,1,
P1_017,project1,P1_017_S01,2025-02-01T10:04:22,click,recommendation_card,liked,582,1458,1,
P1_017,project1,P1_017_S01,2025-02-01T10:04:30,view,story_panel,edited,1267,1045,1,
P1_017,project1,P1_017_S02,2025-02-01T09:06:00,view,submit_button,n/a,2037,1209,1,
P1_017,project1,P1_017_S02,2025-02-01T09:06:12,view,style_picker,skipped,4631,1033,0,
P1_017,project1,P1_017_S02,2025-02-01T09:06:31,ai_response,story_panel,edited,4638,1400,1,
P1_017,project1,P1_017_S02,2025-02-01T09:07:11,submit,music_player,edited,4755,1033,1,
P1_017,project1,P1_017_S02,2025-02-01T09:07:48,view,music_player,edited,4527,544,1,
P1_017,project1,P1_017_S02,2025-02-01T09:08:20,ai_response,submit_button,skipped,442,202,1,timeout
P1_017,project1,P1_017_S02,2025-02-01T09:08:43,submit,music_player,,592,1187,1,
P1_017,project1,P1_017_S02,2025-02-01T09:09:12,error,feedback_modal,liked,4893,1245,1,
P1_017,project1,P1_017_S02,2025-02-01T09:09:51,click,style_picker,,3338,1630,1,
P1_018,project1,P1_018_S01,2025-02-01T10:52:00,view,submit_button,edited,2906,1500,1,
P1_018,project1,P1_018_S01,2025-02-01T10:52:33,view,feedback_modal,edited,2898,631,1,
P1_018,project1,P1_018_S01,2025-02-01T10:52:39,ai_response,music_player,,4003,208,1,
P1_018,project1,P1_018_S01,2025-02-01T10:53:10,click,feedback_modal,skipped,3317,1302,0,
P1_018,project1,P1_018_S01,2025-02-01T10:53:19,click,feedback_modal,skipped,1111,922,1,
P1_018,project1,P1_018_S01,2025-02-01T10:53:46,click,feedback_modal,,1122,1147,1,
P1_018,project1,P1_018_S01,2025-02-01T10:53:51,view,story_panel,edited,3031,592,0,
P1_018,project1,P1_018_S01,2025-02-01T10:54:15,ai_request,music_player,liked,4145,943,0,
P1_018,project1,P1_018_S01,2025-02-01T10:54:33,view,feedback_modal,skipped,1008,768,1,
P1_018,project1,P1_018_S01,2025-02-01T10:55:13,view,feedback_modal,n/a,4729,559,0,
P1_018,project1,P1_018_S01,2025-02-01T10:55:22,view,submit_button,liked,4385,1692,1,
P1_018,project1,P1_018_S02,2025-02-01T10:28:00,click,style_picker,n/a,3818,204,1,
P1_018,project1,P1_018_S02,2025-02-01T10:28:08,ai_response,style_picker,skipped,3433,761,1,
P1_018,project1,P1_018_S02,2025-02-01T10:28:44,click,story_panel,liked,484,769,1,
P1_018,project1,P1_018_S02,2025-02-01T10:29:09,view,music_player,edited,770,1371,1,invalid_input
P1_018,project1,P1_018_S02,2025-02-01T10:29:28,error,recommendation_card,,2147,603,1,
P1_018,project1,P1_018_S02,2025-02-01T10:29:39,view,recommendation_card,,4954,1482,1,
P1_018,project1,P1_018_S02,2025-02-01T10:29:59,view,music_player,edited,545,883,1,
P1_018,project1,P1_018_S02,2025-02-01T10:30:08,ai_request,submit_button,skipped,883,1480,1,
P1_018,project1,P1_018_S02,2025-02-01T10:30:16,ai_response,recommendation_card,edited,632,461,0,
P1_018,project1,P1_018_S02,2025-02-01T10:30:24,click,feedback_modal,skipped,638,408,1,
P1_018,project1,P1_018_S02,2025-02-01T10:30:47,ai_request,recommendation_card,,3467,677,1,
P1_018,project1,P1_018_S02,2025-02-01T10:30:52,click,recommendation_card,skipped,929,895,1,
P1_018,project1,P1_018_S02,2025-02-01T10:30:58,click,style_picker,n/a,1676,421,1,
P1_019,project1,P1_019_S01,2025-02-01T10:55:00,view,submit_button,edited,3011,1062,1,
P1_019,project1,P1_019_S01,2025-02-01T10:55:16,view,story_panel,,1145,838,1,
P1_019,project1,P1_019_S01,2025-02-01T10:55:43,click,submit_button,liked,1307,1161,1,
P1_019,project1,P1_019_S01,2025-02-01T10:56:11,error,submit_button,n/a,1284,317,1,
P1_019,project1,P1_019_S01,2025-02-01T10:56:51,ai_response,recommendation_card,edited,1700,610,1,
P1_019,project1,P1_019_S01,2025-02-01T10:57:00,click,feedback_modal,skipped,3928,1428,1,
P1_019,project1,P1_019_S01,2025-02-01T10:57:26,submit,recommendation_card,edited,1429,414,1,
P1_019,project1,P1_019_S01,2025-02-01T10:57:33,click,story_panel,liked,1986,1155,1,
P1_019,project1,P1_019_S01,2025-02-01T10:57:59,ai_request,recommendation_card,liked,3379,577,1,
P1_019,project1,P1_019_S01,2025-02-01T10:58:04,view,story_panel,n/a,1043,491,1,
P1_019,project1,P1_019_S01,2025-02-01T10:58:32,view,story_panel,liked,1720,781,1,
P1_019,project1,P1_019_S01,2025-02-01T10:58:48,click,submit_button,liked,1562,601,0,
P1_020,project1,P1_020_S01,2025-02-01T10:46:00,view,feedback_modal,,2872,630,1,
P1_020,project1,P1_020_S01,2025-02-01T10:46:28,submit,submit_button,n/a,3653,1656,0,
P1_020,project1,P1_020_S01,2025-02-01T10:46:41,ai_request,music_player,n/a,3198,1622,1,
P1_020,project1,P1_020_S01,2025-02-01T10:47:01,ai_response,submit_button,n/a,1649,1296,1,
P1_020,project1,P1_020_S01,2025-02-01T10:47:21,view,style_picker,liked,4263,1396,1,
P1_020,project1,P1_020_S01,2025-02-01T10:47:31,ai_request,feedback_modal,n/a,631,542,1,
P1_020,project1,P1_020_S01,2025-02-01T10:48:08,click,submit_button,skipped,1566,859,1,
P1_020,project1,P1_020_S01,2025-02-01T10:48:43,ai_request,recommendation_card,skipped,2298,1390,1,timeout
P1_020,project1,P1_020_S01,2025-02-01T10:48:50,view,music_player,skipped,2020,1010,1,
P1_020,project1,P1_020_S01,2025-02-01T10:49:19,click,style_picker,edited,4610,373,1,
P1_020,project1,P1_020_S01,2025-02-01T10:49:52,click,music_player,n/a,437,1152,1,
P1_020,project1,P1_020_S01,2025-02-01T10:50:25,click,recommendation_card,edited,4175,849,1,
P1_020,project1,P1_020_S01,2025-02-01T10:50:58,view,feedback_modal,,3041,368,1,
P1_021,project1,P1_021_S01,2025-02-01T10:40:00,ai_response,story_panel,,684,937,0,
P1_021,project1,P1_021_S01,2025-02-01T10:40:17,submit,style_picker,edited,2348,590,1,invalid_input
P1_021,project1,P1_021_S01,2025-02-01T10:40:56,ai_response,story_panel,edited,2408,909,1,
P1_021,project1,P1_021_S01,2025-02-01T10:41:26,ai_request,feedback_modal,,3966,1539,1,
P1_021,project1,P1_021_S01,2025-02-01T10:41:40,ai_response,music_player,liked,1819,1171,1,
P1_021,project1,P1_021_S01,2025-02-01T10:42:20,ai_request,feedback_modal,skipped,2890,375,1,
P1_021,project1,P1_021_S01,2025-02-01T10:42:51,view,recommendation_card,n/a,346,967,1,
P1_021,project1,P1_021_S01,2025-02-01T10:43:15,ai_response,story_panel,skipped,3005,895,1,
P1_021,project1,P1_021_S01,2025-02-01T10:43:45,ai_request,feedback_modal,n/a,2554,867,1,
P1_021,project1,P1_021_S01,2025-02-01T10:43:52,ai_response,music_player,edited,4754,1489,1,timeout
P1_022,project1,P1_022_S01,2025-02-01T09:26:00,view,recommendation_card,liked,3989,422,1,timeout
P1_022,project1,P1_022_S01,2025-02-01T09:26:24,view,story_panel,n/a,1555,265,1,
P1_022,project1,P1_022_S01,2025-02-01T09:26:30,view,story_panel,skipped,2425,621,1,
P1_022,project1,P1_022_S01,2025-02-01T09:26:39,click,style_picker,n/a,190,551,1,timeout
P1_022,project1,P1_022_S01,2025-02-01T09:27:09,view,story_panel,liked,4494,1056,1,
P1_022,project1,P1_022_S01,2025-02-01T09:27:27,view,music_player,edited,3640,1653,1,
P1_022,project1,P1_022_S01,2025-02-01T09:27:51,click,submit_button,skipped,2356,613,0,
P1_022,project1,P1_022_S01,2025-02-01T09:28:00,ai_request,submit_button,liked,4407,873,1,
P1_022,project1,P1_022_S01,2025-02-01T09:28:34,click,story_panel,,2458,1523,1,
P1_022,project1,P1_022_S01,2025-02-01T09:28:58,click,music_player,skipped,2140,567,1,
P1_022,project1,P1_022_S01,2025-02-01T09:29:32,click,feedback_modal,liked,4758,395,1,timeout
P1_022,project1,P1_022_S02,2025-02-01T10:53:00,view,feedback_modal,n/a,2491,1565,1,
P1_022,project1,P1_022_S02,2025-02-01T10:53:18,ai_response,recommendation_card,n/a,1093,955,0,
P1_022,project1,P1_022_S02,2025-02-01T10:53:43,click,music_player,edited,1798,1236,0,
P1_022,project1,P1_022_S02,2025-02-01T10:54:17,click,feedback_modal,skipped,1692,1012,0,
P1_022,project1,P1_022_S02,2025-02-01T10:54:30,click,feedback_modal,skipped,4071,1144,0,
P1_022,project1,P1_022_S02,2025-02-01T10:54:50,ai_request,recommendation_card,liked,3956,771,1,
P1_022,project1,P1_022_S02,2025-02-01T10:54:56,submit,music_player,edited,1117,1294,1,
P1_022,project1,P1_022_S02,2025-02-01T10:55:01,submit,music_player,skipped,3033,564,1,
P1_022,project1,P1_022_S02,2025-02-01T10:55:40,view,feedback_modal,,4383,1512,1,
P1_022,project1,P1_022_S02,2025-02-01T10:55:51,click,style_picker,skipped,529,1425,0,
P1_022,project1,P1_022_S02,2025-02-01T10:56:08,ai_response,style_picker,liked,1738,387,0,
P1_022,project1,P1_022_S02,2025-02-01T10:56:13,click,music_player,,1906,397,1,
P1_022,project1,P1_022_S02,2025-02-01T10:56:28,ai_request,story_panel,skipped,4298,420,1,
P1_022,project1,P1_022_S02,2025-02-01T10:56:45,submit,submit_button,skipped,3605,447,1,
P1_023,project1,P1_023_S01,2025-02-01T09:01:00,submit,story_panel,skipped,1842,1139,1,
P1_023,project1,P1_023_S01,2025-02-01T09:01:22,submit,style_picker,,651,647,1,
P1_023,project1,P1_023_S01,2025-02-01T09:01:58,error,story_panel,n/a,4762,551,1,
P1_023,project1,P1_023_S01,2025-02-01T09:02:23,error,feedback_modal,skipped,1188,880,1,
P1_023,project1,P1_023_S01,2025-02-01T09:02:48,error,feedback_modal,skipped,653,886,0,timeout
P1_023,project1,P1_023_S01,2025-02-01T09:03:21,click,feedback_modal,liked,4224,1403,1,
P1_023,project1,P1_023_S01,2025-02-01T09:03:27,submit,story_panel,edited,2036,1711,1,
P1_023,project1,P1_023_S01,2025-02-01T09:03:37,view,style_picker,skipped,2529,613,1,
P1_023,project1,P1_023_S01,2025-02-01T09:03:44,view,feedback_modal,n/a,3735,1713,1,
P1_023,project1,P1_023_S01,2025-02-01T09:04:09,submit,story_panel,n/a,3498,1527,1,
P1_023,project1,P1_023_S01,2025-02-01T09:04:28,ai_request,style_picker,edited,2084,621,1,timeout
P1_024,project1,P1_024_S01,2025-02-01T10:17:00,click,style_picker,liked,3723,1489,0,
P1_024,project1,P1_024_S01,2025-02-01T10:17:09,ai_response,story_panel,liked,1772,457,0,
P1_024,project1,P1_024_S01,2025-02-01T10:17:27,view,story_panel,skipped,3926,837,1,
P1_024,project1,P1_024_S01,2025-02-01T10:17:59,view,music_player,edited,2437,1380,1,
P1_024,project1,P1_024_S01,2025-02-01T10:18:21,ai_response,recommendation_card,,3045,1015,1,
P1_024,project1,P1_024_S01,2025-02-01T10:18:53,click,feedback_modal,skipped,1376,1187,0,
P1_024,project1,P1_024_S01,2025-02-01T10:19:03,ai_request,style_picker,n/a,4500,512,1,
P1_024,project1,P1_024_S01,2025-02-01T10:19:32,click,recommendation_card,edited,3173,1351,1,
P1_024,project1,P1_024_S01,2025-02-01T10:19:45,ai_request,music_player,liked,1653,208,0,
P1_024,project1,P1_024_S01,2025-02-01T10:20:13,click,recommendation_card,skipped,3156,986,1,
P1_024,project1,P1_024_S01,2025-02-01T10:20:22,click,story_panel,,3252,1358,1,
P1_024,project1,P1_024_S01,2025-02-01T10:20:43,ai_request,feedback_modal,edited,4274,1652,1,
P1_024,project1,P1_024_S01,2025-02-01T10:20:51,submit,recommendation_card,liked,2085,1178,0,
P1_024,project1,P1_024_S01,2025-02-01T10:20:57,submit,feedback_modal,liked,2240,1439,1,
P1_025,project1,P1_025_S01,2025-02-01T10:17:00,ai_response,music_player,,1056,1778,0,
P1_025,project1,P1_025_S01,2025-02-01T10:17:29,click,submit_button,,4347,586,1,
P1_025,project1,P1_025_S01,2025-02-01T10:18:01,view,style_picker,n/a,4467,1548,1,
P1_025,project1,P1_025_S01,2025-02-01T10:18:32,ai_request,feedback_modal,,995,1502,1,
P1_025,project1,P1_025_S01,2025-02-01T10:18:46,view,music_player,skipped,2623,213,1,
P1_025,project1,P1_025_S01,2025-02-01T10:18:51,view,feedback_modal,skipped,4400,1053,1,
P1_025,project1,P1_025_S01,2025-02-01T10:19:06,view,music_player,liked,1722,1196,1,timeout
P1_025,project1,P1_025_S01,2025-02-01T10:19:39,click,music_player,liked,1746,320,1,
P1_025,project1,P1_025_S01,2025-02-01T10:19:56,view,recommendation_card,skipped,994,1503,1,
P1_025,project1,P1_025_S01,2025-02-01T10:20:25,view,story_panel,edited,343,1399,1,
P1_025,project1,P1_025_S01,2025-02-01T10:20:36,view,style_picker,,4871,285,0,
P1_025,project1,P1_025_S01,2025-02-01T10:20:41,click,submit_button,edited,4080,1169,1,
P1_026,project1,P1_026_S01,2025-02-01T10:27:00,error,music_player,edited,3364,975,1,invalid_input
P1_026,project1,P1_026_S01,2025-02-01T10:27:26,ai_request,story_panel,skipped,3391,1685,1,timeout
P1_026,project1,P1_026_S01,2025-02-01T10:27:32,submit,submit_button,edited,2136,954,1,
P1_026,project1,P1_026_S01,2025-02-01T10:28:07,click,feedback_modal,liked,125,1506,1,
P1_026,project1,P1_026_S01,2025-02-01T10:28:13,submit,story_panel,edited,3739,678,1,
P1_026,project1,P1_026_S01,2025-02-01T10:28:23,click,recommendation_card,,3252,801,1,
P1_026,project1,P1_026_S01,2025-02-01T10:29:01,ai_response,feedback_modal,n/a,360,461,1,
P1_026,project1,P1_026_S01,2025-02-01T10:29:41,error,recommendation_card,liked,3755,436,1,
P1_026,project1,P1_026_S01,2025-02-01T10:30:01,view,feedback_modal,,964,1090,1,
P1_026,project1,P1_026_S01,2025-02-01T10:30:26,ai_response,style_picker,liked,2210,1563,1,
P1_026,project1,P1_026_S02,2025-02-01T10:25:00,ai_response,feedback_modal,skipped,840,1616,1,
P1_026,project1,P1_026_S02,2025-02-01T10:25:09,submit,recommendation_card,skipped,4703,1094,1,
P1_026,project1,P1_026_S02,2025-02-01T10:25:21,view,story_panel,,2887,1716,1,
P1_026,project1,P1_026_S02,2025-02-01T10:25:33,click,music_player,edited,3214,1381,1,
P1_026,project1,P1_026_S02,2025-02-01T10:26:12,view,recommendation_card,skipped,2718,1779,1,
P1_026,project1,P1_026_S02,2025-02-01T10:26:25,click,submit_button,n/a,1919,418,1,
P1_026,project1,P1_026_S02,2025-02-01T10:26:59,click,style_picker,liked,4194,1592,1,
P1_026,project1,P1_026_S02,2025-02-01T10:27:13,ai_request,feedback_modal,,2722,832,1,
P1_026,project1,P1_026_S02,2025-02-01T10:27:35,error,feedback_modal,n/a,4018,1492,1,
P1_027,project1,P1_027_S01,2025-02-01T10:43:00,view,feedback_modal,liked,1943,1634,1,timeout
P1_027,project1,P1_027_S01,2025-02-01T10:43:16,ai_response,feedback_modal,skipped,2550,1550,1,
P1_027,project1,P1_027_S01,2025-02-01T10:43:22,click,style_picker,skipped,3978,913,1,
P1_027,project1,P1_027_S01,2025-02-01T10:44:00,ai_request,style_picker,liked,4589,1006,0,
P1_027,project1,P1_027_S01,2025-02-01T10:44:08,ai_request,feedback_modal,edited,3848,1540,1,
P1_027,project1,P1_027_S01,2025-02-01T10:44:43,view,music_player,liked,1886,1732,1,
P1_027,project1,P1_027_S01,2025-02-01T10:45:11,ai_request,submit_button,,1309,971,1,
P1_027,project1,P1_027_S01,2025-02-01T10:45:26,ai_response,story_panel,edited,3981,567,1,
P1_027,project1,P1_027_S01,2025-02-01T10:46:03,submit,submit_button,skipped,1317,1484,1,
P1_027,project1,P1_027_S01,2025-02-01T10:46:15,view,recommendation_card,edited,4983,553,1,
P1_028,project1,P1_028_S01,2025-02-01T10:50:00,submit,style_picker,skipped,3109,223,1,
P1_028,project1,P1_028_S01,2025-02-01T10:50:36,submit,submit_button,liked,288,1401,1,
P1_028,project1,P1_028_S01,2025-02-01T10:50:58,submit,story_panel,n/a,1583,986,1,
P1_028,project1,P1_028_S01,2025-02-01T10:51:30,view,music_player,,2764,330,1,
P1_028,project1,P1_028_S01,2025-02-01T10:52:09,view,feedback_modal,,3325,1338,1,
P1_028,project1,P1_028_S01,2025-02-01T10:52:47,click,submit_button,n/a,4515,1661,1,
P1_028,project1,P1_028_S01,2025-02-01T10:53:05,ai_response,story_panel,liked,1574,210,1,
P1_028,project1,P1_028_S01,2025-02-01T10:53:17,view,submit_button,liked,1420,379,1,
P1_028,project1,P1_028_S01,2025-02-01T10:53:24,view,story_panel,n/a,2545,944,1,
P1_028,project1,P1_028_S01,2025-02-01T10:53:29,view,story_panel,n/a,2503,1549,1,
P1_028,project1,P1_028_S01,2025-02-01T10:54:05,submit,submit_button,edited,4509,1245,1,
P1_028,project1,P1_028_S01,2025-02-01T10:54:12,view,music_player,liked,2555,640,1,
P1_028,project1,P1_028_S01,2025-02-01T10:54:30,click,style_picker,liked,3557,352,1,
P1_028,project1,P1_028_S01,2025-02-01T10:54:45,click,story_panel,edited,3584,1622,1,
P1_028,project1,P1_028_S02,2025-02-01T10:21:00,submit,feedback_modal,edited,4717,1546,1,
P1_028,project1,P1_028_S02,2025-02-01T10:21:15,click,music_player,edited,3652,976,0,
P1_028,project1,P1_028_S02,2025-02-01T10:21:24,view,submit_button,,4592,1033,0,
P1_028,project1,P1_028_S02,2025-02-01T10:21:52,ai_response,style_picker,liked,1949,760,0,
P1_028,project1,P1_028_S02,2025-02-01T10:22:11,click,story_panel,,1539,1278,1,
P1_028,project1,P1_028_S02,2025-02-01T10:22:47,view,style_picker,n/a,2410,1329,1,
P1_028,project1,P1_028_S02,2025-02-01T10:22:55,view,recommendation_card,liked,2927,1718,1,
P1_028,project1,P1_028_S02,2025-02-01T10:23:35,click,recommendation_card,skipped,4952,461,1,
P1_028,project1,P1_028_S02,2025-02-01T10:23:49,submit,music_player,skipped,4749,1706,1,timeout
P1_028,project1,P1_028_S02,2025-02-01T10:24:17,ai_request,music_player,n/a,3526,1647,1,
P1_028,project1,P1_028_S02,2025-02-01T10:24:44,ai_request,submit_button,edited,2359,1076,1,
P1_028,project1,P1_028_S02,2025-02-01T10:25:03,click,story_panel,edited,3430,1778,1,
P1_028,project1,P1_028_S02,2025-02-01T10:25:13,view,music_player,,1452,1378,0,
P1_029,project1,P1_029_S01,2025-02-01T10:43:00,view,recommendation_card,n/a,1217,1182,1,
P1_029,project1,P1_029_S01,2025-02-01T10:43:39,submit,recommendation_card,,1657,1727,0,
P1_029,project1,P1_029_S01,2025-02-01T10:44:18,ai_request,music_player,n/a,446,1443,1,
P1_029,project1,P1_029_S01,2025-02-01T10:44:56,ai_response,music_player,,3106,473,1,timeout
P1_029,project1,P1_029_S01,2025-02-01T10:45:28,click,music_player,edited,1027,892,1,
P1_029,project1,P1_029_S01,2025-02-01T10:46:07,ai_response,story_panel,edited,2550,1189,1,
P1_029,project1,P1_029_S01,2025-02-01T10:46:37,view,style_picker,n/a,390,1148,1,
P1_029,project1,P1_029_S01,2025-02-01T10:46:45,click,submit_button,skipped,2791,811,1,
P1_029,project1,P1_029_S01,2025-02-01T10:47:01,click,story_panel,,3629,1207,1,
P1_029,project1,P1_029_S01,2025-02-01T10:47:15,click,recommendation_card,,1374,1775,1,
P1_029,project1,P1_029_S01,2025-02-01T10:47:45,click,style_picker,skipped,1592,1298,1,
P1_029,project1,P1_029_S01,2025-02-01T10:48:18,submit,recommendation_card,liked,1245,924,1,
P1_029,project1,P1_029_S01,2025-02-01T10:48:35,view,style_picker,,1195,1008,1,
P1_029,project1,P1_029_S01,2025-02-01T10:48:42,view,music_player,skipped,2277,443,1,
P1_029,project1,P1_029_S02,2025-02-01T09:41:00,ai_request,recommendation_card,n/a,3285,469,1,
P1_029,project1,P1_029_S02,2025-02-01T09:41:06,view,style_picker,n/a,211,1771,1,
P1_029,project1,P1_029_S02,2025-02-01T09:41:32,click,submit_button,,3658,1183,1,
P1_029,project1,P1_029_S02,2025-02-01T09:42:04,view,music_player,n/a,1630,710,1,
P1_029,project1,P1_029_S02,2025-02-01T09:42:25,error,music_player,skipped,1725,1170,1,
P1_029,project1,P1_029_S02,2025-02-01T09:43:02,submit,music_player,n/a,1318,669,1,
P1_029,project1,P1_029_S02,2025-02-01T09:43:24,error,music_player,skipped,244,1462,1,
P1_029,project1,P1_029_S02,2025-02-01T09:43:53,click,style_picker,liked,1916,888,1,
P1_029,project1,P1_029_S02,2025-02-01T09:44:25,submit,style_picker,,2305,944,1,
P1_029,project1,P1_029_S02,2025-02-01T09:44:56,view,story_panel,liked,434,201,0,
P1_029,project1,P1_029_S02,2025-02-01T09:45:14,view,style_picker,n/a,925,1082,1,timeout
P1_029,project1,P1_029_S02,2025-02-01T09:45:42,click,story_panel,,211,1598,1,
P1_029,project1,P1_029_S02,2025-02-01T09:46:08,click,style_picker,n/a,4432,1438,1,
P1_029,project1,P1_029_S02,2025-02-01T09:46:26,click,story_panel,,1168,1489,1,
P1_030,project1,P1_030_S01,2025-02-01T10:30:00,ai_response,story_panel,n/a,2909,817,1,invalid_input
P1_030,project1,P1_030_S01,2025-02-01T10:30:17,click,music_player,,1147,592,1,
P1_030,project1,P1_030_S01,2025-02-01T10:30:57,error,style_picker,skipped,1061,1093,0,
P1_030,project1,P1_030_S01,2025-02-01T10:31:34,ai_request,music_player,n/a,2345,1626,1,
P1_030,project1,P1_030_S01,2025-02-01T10:31:42,ai_request,feedback_modal,liked,3356,1213,1,
P1_030,project1,P1_030_S01,2025-02-01T10:31:51,view,submit_button,skipped,4707,1796,1,
P1_030,project1,P1_030_S01,2025-02-01T10:32:09,view,music_player,n/a,1884,1412,1,
P1_030,project1,P1_030_S01,2025-02-01T10:32:46,click,feedback_modal,n/a,2220,821,1,
P1_030,project1,P1_030_S01,2025-02-01T10:33:08,click,music_player,liked,473,1292,1,
P1_030,project1,P1_030_S01,2025-02-01T10:33:22,ai_response,style_picker,liked,2315,305,1,
P1_030,project1,P1_030_S01,2025-02-01T10:33:40,click,story_panel,edited,3123,864,0,
P1_031,project1,P1_031_S01,2025-02-01T10:32:00,click,submit_button,edited,2759,317,1,
P1_031,project1,P1_031_S01,2025-02-01T10:32:27,view,style_picker,liked,2197,232,1,invalid_input
P1_031,project1,P1_031_S01,2025-02-01T10:32:38,ai_request,feedback_modal,skipped,2208,1482,1,
P1_031,project1,P1_031_S01,2025-02-01T10:33:11,view,style_picker,liked,4864,1489,1,
P1_031,project1,P1_031_S01,2025-02-01T10:33:25,click,feedback_modal,skipped,3119,503,1,
P1_031,project1,P1_031_S01,2025-02-01T10:33:41,click,music_player,liked,4766,1204,1,
P1_031,project1,P1_031_S01,2025-02-01T10:34:04,view,music_player,liked,3329,1607,1,
P1_031,project1,P1_031_S01,2025-02-01T10:34:13,click,recommendation_card,skipped,921,1683,1,
P1_031,project1,P1_031_S01,2025-02-01T10:34:18,submit,recommendation_card,skipped,269,425,1,
P1_031,project1,P1_031_S02,2025-02-01T09:16:00,ai_request,style_picker,liked,210,219,1,
P1_031,project1,P1_031_S02,2025-02-01T09:16:26,ai_response,story_panel,liked,1240,1183,1,
P1_031,project1,P1_031_S02,2025-02-01T09:16:41,click,recommendation_card,liked,2097,314,1,
P1_031,project1,P1_031_S02,2025-02-01T09:17:20,view,story_panel,,4561,807,1,
P1_031,project1,P1_031_S02,2025-02-01T09:17:51,view,music_player,,1956,1074,1,
P1_031,project1,P1_031_S02,2025-02-01T09:18:14,view,feedback_modal,skipped,1020,1207,1,
P1_031,project1,P1_031_S02,2025-02-01T09:18:25,ai_response,style_picker,edited,724,1460,1,
P1_031,project1,P1_031_S02,2025-02-01T09:18:35,ai_response,submit_button,liked,1558,1077,1,
P1_031,project1,P1_031_S02,2025-02-01T09:19:07,view,feedback_modal,edited,2451,913,1,
P1_032,project1,P1_032_S01,2025-02-01T10:59:00,ai_request,feedback_modal,,117,504,1,
P1_032,project1,P1_032_S01,2025-02-01T10:59:14,click,feedback_modal,skipped,651,431,1,timeout
P1_032,project1,P1_032_S01,2025-02-01T10:59:36,view,style_picker,liked,1589,1771,1,
P1_032,project1,P1_032_S01,2025-02-01T11:00:08,click,recommendation_card,n/a,2831,483,1,
P1_032,project1,P1_032_S01,2025-02-01T11:00:28,click,submit_button,skipped,4513,1293,1,
P1_032,project1,P1_032_S01,2025-02-01T11:00:47,click,submit_button,skipped,4416,1383,1,
P1_032,project1,P1_032_S01,2025-02-01T11:01:06,ai_request,music_player,edited,123,616,1,
P1_032,project1,P1_032_S01,2025-02-01T11:01:46,click,music_player,,588,915,1,
P1_032,project1,P1_032_S01,2025-02-01T11:01:59,view,music_player,n/a,3549,696,1,
P1_032,project1,P1_032_S01,2025-02-01T11:02:12,view,feedback_modal,liked,3192,1701,0,timeout
P1_032,project1,P1_032_S02,2025-02-01T09:06:00,view,submit_button,,4006,1416,1,
P1_032,project1,P1_032_S02,2025-02-01T09:06:28,view,music_player,,202,1365,1,
P1_032,project1,P1_032_S02,2025-02-01T09:06:44,click,music_player,n/a,2553,1162,1,
P1_032,project1,P1_032_S02,2025-02-01T09:06:49,view,music_player,,363,1437,1,
P1_032,project1,P1_032_S02,2025-02-01T09:06:54,click,recommendation_card,skipped,4639,1656,1,timeout
P1_032,project1,P1_032_S02,2025-02-01T09:07:31,click,music_player,skipped,1384,756,1,
P1_032,project1,P1_032_S02,2025-02-01T09:07:44,ai_request,recommendation_card,n/a,558,648,1,
P1_032,project1,P1_032_S02,2025-02-01T09:08:24,submit,story_panel,skipped,4010,841,1,
P1_032,project1,P1_032_S02,2025-02-01T09:08:53,view,style_picker,skipped,1695,752,1,
P1_032,project1,P1_032_S02,2025-02-01T09:09:19,view,style_picker,liked,4536,418,0,
P1_032,project1,P1_032_S02,2025-02-01T09:09:43,view,music_player,,2068,751,0,
P1_032,project1,P1_032_S02,2025-02-01T09:09:50,click,recommendation_card,,493,844,0,
P1_032,project1,P1_032_S02,2025-02-01T09:10:17,ai_request,recommendation_card,n/a,1696,844,1,
P1_033,project1,P1_033_S01,2025-02-01T09:42:00,ai_response,submit_button,,4213,1787,1,
P1_033,project1,P1_033_S01,2025-02-01T09:42:29,click,story_panel,edited,1420,510,1,
P1_033,project1,P1_033_S01,2025-02-01T09:42:39,ai_response,music_player,liked,1253,1774,1,invalid_input
P1_033,project1,P1_033_S01,2025-02-01T09:43:16,click,feedback_modal,n/a,4386,1774,1,
P1_033,project1,P1_033_S01,2025-02-01T09:43:42,view,submit_button,skipped,427,1659,1,
P1_033,project1,P1_033_S01,2025-02-01T09:44:00,error,submit_button,,1348,1361,1,
P1_033,project1,P1_033_S01,2025-02-01T09:44:05,view,style_picker,n/a,814,1221,0,
P1_033,project1,P1_033_S01,2025-02-01T09:44:28,view,style_picker,n/a,3076,923,0,
P1_033,project1,P1_033_S01,2025-02-01T09:45:02,view,recommendation_card,edited,3721,1531,1,timeout
P1_033,project1,P1_033_S01,2025-02-01T09:45:38,view,style_picker,skipped,3450,1469,1,
P1_033,project1,P1_033_S01,2025-02-01T09:46:06,click,submit_button,edited,3161,370,1,
P1_034,project1,P1_034_S01,2025-02-01T10:19:00,view,music_player,n/a,165,516,1,
P1_034,project1,P1_034_S01,2025-02-01T10:19:15,click,story_panel,liked,3280,1146,1,
P1_034,project1,P1_034_S01,2025-02-01T10:19:49,submit,recommendation_card,,803,569,1,timeout
P1_034,project1,P1_034_S01,2025-02-01T10:20:19,ai_request,music_player,skipped,2792,332,1,invalid_input
P1_034,project1,P1_034_S01,2025-02-01T10:20:55,view,feedback_modal,skipped,1036,770,1,
P1_034,project1,P1_034_S01,2025-02-01T10:21:30,view,music_player,edited,4754,264,1,
P1_034,project1,P1_034_S01,2025-02-01T10:21:38,ai_response,style_picker,skipped,3978,637,0,
P1_034,project1,P1_034_S01,2025-02-01T10:22:10,view,feedback_modal,liked,784,490,0,
P1_034,project1,P1_034_S01,2025-02-01T10:22:34,ai_response,recommendation_card,skipped,4398,638,1,
P1_034,project1,P1_034_S01,2025-02-01T10:22:42,view,recommendation_card,edited,2532,536,1,timeout
P1_034,project1,P1_034_S01,2025-02-01T10:23:17,click,feedback_modal,liked,3678,926,1,
P1_034,project1,P1_034_S01,2025-02-01T10:23:22,click,submit_button,liked,737,1680,1,
P1_034,project1,P1_034_S01,2025-02-01T10:23:47,submit,feedback_modal,edited,216,508,1,timeout
P1_035,project1,P1_035_S01,2025-02-01T09:14:00,ai_response,recommendation_card,edited,4365,1679,0,
P1_035,project1,P1_035_S01,2025-02-01T09:14:13,submit,feedback_modal,n/a,898,274,1,invalid_input
P1_035,project1,P1_035_S01,2025-02-01T09:14:44,submit,music_player,n/a,3192,642,1,timeout
P1_035,project1,P1_035_S01,2025-02-01T09:14:49,click,style_picker,,2573,828,1,
P1_035,project1,P1_035_S01,2025-02-01T09:15:25,submit,recommendation_card,skipped,3461,920,1,
P1_035,project1,P1_035_S01,2025-02-01T09:16:03,error,style_picker,,1540,1139,1,
P1_035,project1,P1_035_S01,2025-02-01T09:16:18,click,recommendation_card,edited,3683,1498,1,
P1_035,project1,P1_035_S01,2025-02-01T09:16:29,error,story_panel,,234,1462,1,
P1_035,project1,P1_035_S01,2025-02-01T09:17:08,view,recommendation_card,n/a,4861,266,1,
P1_035,project1,P1_035_S01,2025-02-01T09:17:26,view,recommendation_card,n/a,3221,434,1,
P1_035,project1,P1_035_S01,2025-02-01T09:17:38,click,recommendation_card,skipped,3342,215,1,
P1_035,project1,P1_035_S01,2025-02-01T09:18:15,view,feedback_modal,edited,2618,1049,1,
P1_035,project1,P1_035_S01,2025-02-01T09:18:46,view,story_panel,liked,3167,1262,1,
P1_035,project1,P1_035_S01,2025-02-01T09:19:12,view,submit_button,skipped,2081,1338,1,
P1_035,project1,P1_035_S02,2025-02-01T10:46:00,ai_request,submit_button,skipped,1155,1503,1,
P1_035,project1,P1_035_S02,2025-02-01T10:46:30,ai_response,submit_button,liked,3683,673,0,
P1_035,project1,P1_035_S02,2025-02-01T10:47:07,view,submit_button,skipped,2231,1332,1,
P1_035,project1,P1_035_S02,2025-02-01T10:47:17,view,recommendation_card,,4960,513,0,
P1_035,project1,P1_035_S02,2025-02-01T10:47:27,click,story_panel,liked,3816,1499,1,
P1_035,project1,P1_035_S02,2025-02-01T10:47:47,submit,music_player,edited,1687,1296,1,
P1_035,project1,P1_035_S02,2025-02-01T10:48:16,ai_request,feedback_modal,,2352,369,1,
P1_035,project1,P1_035_S02,2025-02-01T10:48:27,view,submit_button,,977,490,1,
P1_036,project1,P1_036_S01,2025-02-01T10:03:00,click,music_player,skipped,924,1205,1,
P1_036,project1,P1_036_S01,2025-02-01T10:03:36,ai_response,story_panel,liked,3539,968,1,
P1_036,project1,P1_036_S01,2025-02-01T10:04:09,ai_request,music_player,edited,183,565,1,
P1_036,project1,P1_036_S01,2025-02-01T10:04:16,view,style_picker,edited,4064,1457,1,
P1_036,project1,P1_036_S01,2025-02-01T10:04:54,ai_request,story_panel,liked,342,1297,0,
P1_036,project1,P1_036_S01,2025-02-01T10:05:08,view,style_picker,,1877,260,1,
P1_036,project1,P1_036_S01,2025-02-01T10:05:21,view,recommendation_card,liked,853,913,1,
P1_036,project1,P1_036_S01,2025-02-01T10:05:55,ai_request,recommendation_card,skipped,4299,1019,1,
P1_036,project1,P1_036_S01,2025-02-01T10:06:12,submit,feedback_modal,edited,3318,410,1,
P1_036,project1,P1_036_S01,2025-02-01T10:06:36,view,music_player,skipped,3650,1113,1,
P1_036,project1,P1_036_S01,2025-02-01T10:07:01,submit,submit_button,skipped,3616,609,1,
P1_036,project1,P1_036_S01,2025-02-01T10:07:10,click,story_panel,n/a,2173,1401,1,
P1_036,project1,P1_036_S01,2025-02-01T10:07:48,click,story_panel,,1573,860,1,
P1_036,project1,P1_036_S01,2025-02-01T10:08:08,view,feedback_modal,edited,3147,497,1,
P1_037,project1,P1_037_S01,2025-02-01T10:31:00,view,submit_button,edited,2005,1350,0,
P1_037,project1,P1_037_S01,2025-02-01T10:31:18,click,story_panel,n/a,2377,1666,1,
P1_037,project1,P1_037_S01,2025-02-01T10:31:27,click,feedback_modal,skipped,3665,850,1,
P1_037,project1,P1_037_S01,2025-02-01T10:31:35,ai_request,recommendation_card,,2348,1062,1,
P1_037,project1,P1_037_S01,2025-02-01T10:32:00,click,music_player,n/a,274,783,0,
P1_037,project1,P1_037_S01,2025-02-01T10:32:05,ai_response,style_picker,liked,3399,275,1,timeout
P1_037,project1,P1_037_S01,2025-02-01T10:32:12,click,story_panel,,3949,394,1,
P1_037,project1,P1_037_S01,2025-02-01T10:32:36,view,style_picker,skipped,753,1339,1,
P1_037,project1,P1_037_S01,2025-02-01T10:32:44,click,feedback_modal,skipped,4141,1512,1,
P1_037,project1,P1_037_S01,2025-02-01T10:33:12,ai_response,story_panel,,1935,297,1,
P1_038,project1,P1_038_S01,2025-02-01T09:28:00,view,feedback_modal,edited,4503,210,1,
P1_038,project1,P1_038_S01,2025-02-01T09:28:21,ai_response,story_panel,,493,823,0,
P1_038,project1,P1_038_S01,2025-02-01T09:28:50,view,music_player,liked,4879,1143,1,
P1_038,project1,P1_038_S01,2025-02-01T09:29:04,ai_request,recommendation_card,skipped,1102,1268,1,
P1_038,project1,P1_038_S01,2025-02-01T09:29:40,error,style_picker,skipped,1950,388,1,
P1_038,project1,P1_038_S01,2025-02-01T09:29:50,click,music_player,liked,739,353,1,
P1_038,project1,P1_038_S01,2025-02-01T09:29:55,submit,recommendation_card,skipped,1639,1198,1,
P1_038,project1,P1_038_S01,2025-02-01T09:30:33,click,style_picker,edited,3819,1542,1,
P1_038,project1,P1_038_S01,2025-02-01T09:30:46,view,style_picker,skipped,3806,1470,1,
P1_038,project1,P1_038_S02,2025-02-01T09:08:00,click,feedback_modal,edited,4828,1527,1,
P1_038,project1,P1_038_S02,2025-02-01T09:08:11,ai_request,music_player,,3875,583,1,
P1_038,project1,P1_038_S02,2025-02-01T09:08:49,click,style_picker,,4608,372,1,
P1_038,project1,P1_038_S02,2025-02-01T09:09:19,click,submit_button,edited,535,1103,1,
P1_038,project1,P1_038_S02,2025-02-01T09:09:48,ai_request,recommendation_card,liked,2508,587,1,
P1_038,project1,P1_038_S02,2025-02-01T09:10:26,submit,submit_button,skipped,994,1595,0,
P1_038,project1,P1_038_S02,2025-02-01T09:10:38,view,story_panel,,4812,745,1,
P1_038,project1,P1_038_S02,2025-02-01T09:11:00,view,submit_button,skipped,3310,1004,1,
P1_038,project1,P1_038_S02,2025-02-01T09:11:22,click,music_player,liked,2947,1504,1,
P1_038,project1,P1_038_S02,2025-02-01T09:11:27,view,submit_button,n/a,4005,1713,1,timeout
P1_039,project1,P1_039_S01,2025-02-01T09:40:00,view,music_player,edited,3829,490,1,
P1_039,project1,P1_039_S01,2025-02-01T09:40:32,click,music_player,edited,730,549,1,
P1_039,project1,P1_039_S01,2025-02-01T09:40:59,ai_response,submit_button,,4100,706,1,
P1_039,project1,P1_039_S01,2025-02-01T09:41:05,click,style_picker,liked,4403,1230,1,
P1_039,project1,P1_039_S01,2025-02-01T09:41:16,view,feedback_modal,edited,3807,1204,1,invalid_input
P1_039,project1,P1_039_S01,2025-02-01T09:41:37,submit,style_picker,edited,3858,227,1,
P1_039,project1,P1_039_S01,2025-02-01T09:42:03,ai_response,feedback_modal,n/a,4067,430,1,
P1_039,project1,P1_039_S01,2025-02-01T09:42:09,view,recommendation_card,liked,1260,931,1,
P1_039,project1,P1_039_S01,2025-02-01T09:42:41,click,feedback_modal,,1687,973,1,timeout
P1_039,project1,P1_039_S01,2025-02-01T09:43:20,ai_response,recommendation_card,n/a,1533,743,1,
P1_039,project1,P1_039_S01,2025-02-01T09:43:46,click,recommendation_card,edited,2633,590,0,
P1_039,project1,P1_039_S01,2025-02-01T09:44:12,ai_request,story_panel,skipped,3827,1360,1,
P1_039,project1,P1_039_S01,2025-02-01T09:44:35,view,story_panel,skipped,1305,1155,1,
P1_040,project1,P1_040_S01,2025-02-01T09:38:00,view,style_picker,,3818,283,1,
P1_040,project1,P1_040_S01,2025-02-01T09:38:12,view,style_picker,,3625,921,1,
P1_040,project1,P1_040_S01,2025-02-01T09:38:33,view,style_picker,n/a,4693,517,1,
P1_040,project1,P1_040_S01,2025-02-01T09:38:47,error,music_player,skipped,4894,365,1,
P1_040,project1,P1_040_S01,2025-02-01T09:39:14,view,feedback_modal,skipped,3561,1017,1,
P1_040,project1,P1_040_S01,2025-02-01T09:39:35,ai_response,submit_button,edited,1519,1354,1,
P1_040,project1,P1_040_S01,2025-02-01T09:39:48,submit,music_player,edited,1211,1052,1,
P1_040,project1,P1_040_S01,2025-02-01T09:39:58,view,feedback_modal,skipped,4571,575,1,
P1_040,project1,P1_040_S01,2025-02-01T09:40:30,view,submit_button,skipped,2666,1231,1,
P1_040,project1,P1_040_S01,2025-02-01T09:41:04,click,recommendation_card,skipped,3460,1144,0,
P1_040,project1,P1_040_S01,2025-02-01T09:41:35,view,music_player,n/a,2577,696,1,
P1_041,project1,P1_041_S01,2025-02-01T09:06:00,ai_request,music_player,skipped,148,1147,1,
P1_041,project1,P1_041_S01,2025-02-01T09:06:34,ai_request,story_panel,,2313,1530,1,
P1_041,project1,P1_041_S01,2025-02-01T09:06:57,click,feedback_modal,edited,598,448,1,
P1_041,project1,P1_041_S01,2025-02-01T09:07:05,ai_request,submit_button,liked,4704,1716,1,
P1_041,project1,P1_041_S01,2025-02-01T09:07:19,click,style_picker,,4072,1477,1,
P1_041,project1,P1_041_S01,2025-02-01T09:07:24,view,story_panel,n/a,893,706,1,
P1_041,project1,P1_041_S01,2025-02-01T09:08:01,click,story_panel,,2556,1028,1,
P1_041,project1,P1_041_S01,2025-02-01T09:08:21,ai_request,submit_button,edited,3697,1547,1,
P1_041,project1,P1_041_S01,2025-02-01T09:08:27,view,feedback_modal,liked,1498,1247,1,
P1_041,project1,P1_041_S01,2025-02-01T09:09:02,click,style_picker,,4923,1209,1,
P1_041,project1,P1_041_S01,2025-02-01T09:09:31,submit,story_panel,skipped,3515,1070,1,
P1_041,project1,P1_041_S01,2025-02-01T09:09:43,click,story_panel,n/a,2580,269,1,
P1_041,project1,P1_041_S01,2025-02-01T09:10:16,view,style_picker,liked,3933,1680,1,
P1_041,project1,P1_041_S01,2025-02-01T09:10:31,click,submit_button,liked,2957,1646,1,
P1_041,project1,P1_041_S02,2025-02-01T10:23:00,click,feedback_modal,n/a,2879,1141,1,
P1_041,project1,P1_041_S02,2025-02-01T10:23:22,ai_request,feedback_modal,edited,3327,339,1,
P1_041,project1,P1_041_S02,2025-02-01T10:23:51,ai_response,submit_button,liked,4818,1651,1,
P1_041,project1,P1_041_S02,2025-02-01T10:24:29,view,feedback_modal,edited,4923,1389,1,
P1_041,project1,P1_041_S02,2025-02-01T10:24:59,view,story_panel,liked,1998,397,1,
P1_041,project1,P1_041_S02,2025-02-01T10:25:34,click,music_player,liked,963,556,1,
P1_041,project1,P1_041_S02,2025-02-01T10:26:05,ai_response,story_panel,n/a,2151,434,0,
P1_041,project1,P1_041_S02,2025-02-01T10:26:38,ai_request,submit_button,,1525,857,1,
P1_041,project1,P1_041_S02,2025-02-01T10:26:51,error,submit_button,n/a,1736,600,1,
P1_042,project1,P1_042_S01,2025-02-01T09:25:00,view,submit_button,liked,804,1392,0,timeout
P1_042,project1,P1_042_S01,2025-02-01T09:25:11,view,music_player,,3045,1785,1,
P1_042,project1,P1_042_S01,2025-02-01T09:25:20,click,feedback_modal,n/a,4164,589,1,
P1_042,project1,P1_042_S01,2025-02-01T09:25:55,click,style_picker,n/a,4676,482,1,
P1_042,project1,P1_042_S01,2025-02-01T09:26:24,ai_response,submit_button,,1141,1259,1,
P1_042,project1,P1_042_S01,2025-02-01T09:26:43,view,submit_button,edited,284,658,1,
P1_042,project1,P1_042_S01,2025-02-01T09:27:04,click,style_picker,,1393,789,0,
P1_042,project1,P1_042_S01,2025-02-01T09:27:42,ai_response,submit_button,edited,3370,1466,0,
P1_042,project1,P1_042_S01,2025-02-01T09:27:54,click,style_picker,,364,892,1,
P1_042,project1,P1_042_S01,2025-02-01T09:28:02,view,submit_button,edited,610,682,1,
P1_042,project1,P1_042_S01,2025-02-01T09:28:09,click,story_panel,skipped,5000,1714,1,
P1_042,project1,P1_042_S01,2025-02-01T09:28:49,click,music_player,edited,441,413,0,
P1_042,project1,P1_042_S01,2025-02-01T09:29:16,click,style_picker,liked,275,313,0,
P1_043,project1,P1_043_S01,2025-02-01T10:27:00,ai_request,submit_button,skipped,527,992,1,
P1_043,project1,P1_043_S01,2025-02-01T10:27:32,ai_request,submit_button,liked,1046,1096,1,
P1_043,project1,P1_043_S01,2025-02-01T10:28:00,click,style_picker,skipped,574,687,1,
P1_043,project1,P1_043_S01,2025-02-01T10:28:19,click,submit_button,n/a,475,230,1,
P1_043,project1,P1_043_S01,2025-02-01T10:28:27,view,music_player,skipped,1579,778,0,
P1_043,project1,P1_043_S01,2025-02-01T10:28:47,error,music_player,n/a,3358,1180,1,
P1_043,project1,P1_043_S01,2025-02-01T10:28:56,view,submit_button,liked,4154,1644,1,
P1_043,project1,P1_043_S01,2025-02-01T10:29:15,click,style_picker,edited,4617,799,1,
P1_043,project1,P1_043_S01,2025-02-01T10:29:37,click,submit_button,n/a,955,310,1,
P1_043,project1,P1_043_S01,2025-02-01T10:30:13,view,music_player,liked,4367,672,1,
P1_043,project1,P1_043_S01,2025-02-01T10:30:25,click,music_player,,2025,1630,1,
P1_043,project1,P1_043_S01,2025-02-01T10:30:37,view,story_panel,edited,2377,1404,1,
P1_043,project1,P1_043_S01,2025-02-01T10:30:47,view,submit_button,skipped,4157,238,1,
P1_043,project1,P1_043_S02,2025-02-01T09:28:00,click,feedback_modal,skipped,4462,307,1,
P1_043,project1,P1_043_S02,2025-02-01T09:28:27,ai_response,submit_button,edited,2250,1742,1,
P1_043,project1,P1_043_S02,2025-02-01T09:28:53,ai_request,submit_button,skipped,3602,1693,1,
P1_043,project1,P1_043_S02,2025-02-01T09:29:04,click,feedback_modal,edited,4480,1149,1,
P1_043,project1,P1_043_S02,2025-02-01T09:29:42,view,recommendation_card,skipped,2051,470,1,
P1_043,project1,P1_043_S02,2025-02-01T09:30:04,view,music_player,n/a,2523,891,1,
P1_043,project1,P1_043_S02,2025-02-01T09:30:26,click,feedback_modal,edited,201,454,1,
P1_043,project1,P1_043_S02,2025-02-01T09:30:47,ai_request,recommendation_card,skipped,241,1100,0,
P1_043,project1,P1_043_S02,2025-02-01T09:31:14,click,submit_button,liked,3447,319,1,
P1_044,project1,P1_044_S01,2025-02-01T09:08:00,view,style_picker,edited,4154,460,1,
P1_044,project1,P1_044_S01,2025-02-01T09:08:08,view,feedback_modal,,1609,1601,1,
P1_044,project1,P1_044_S01,2025-02-01T09:08:33,view,feedback_modal,liked,598,1663,1,invalid_input
P1_044,project1,P1_044_S01,2025-02-01T09:08:39,submit,style_picker,n/a,466,1429,1,
P1_044,project1,P1_044_S01,2025-02-01T09:09:16,click,submit_button,,2041,617,1,
P1_044,project1,P1_044_S01,2025-02-01T09:09:47,view,recommendation_card,edited,1272,250,1,
P1_044,project1,P1_044_S01,2025-02-01T09:10:13,error,feedback_modal,edited,3955,802,1,
P1_044,project1,P1_044_S01,2025-02-01T09:10:20,view,music_player,n/a,309,417,1,
P1_044,project1,P1_044_S01,2025-02-01T09:10:57,ai_request,feedback_modal,n/a,4863,1659,1,
P1_044,project1,P1_044_S01,2025-02-01T09:11:04,submit,music_player,skipped,742,358,1,invalid_input
P1_044,project1,P1_044_S01,2025-02-01T09:11:41,error,feedback_modal,n/a,3524,1303,1,
P1_044,project1,P1_044_S02,2025-02-01T10:42:00,submit,feedback_modal,n/a,4362,1103,1,
P1_044,project1,P1_044_S02,2025-02-01T10:42:23,ai_response,style_picker,liked,3065,672,1,
P1_044,project1,P1_044_S02,2025-02-01T10:42:35,submit,recommendation_card,skipped,3064,363,1,
P1_044,project1,P1_044_S02,2025-02-01T10:43:03,submit,submit_button,liked,3777,1057,1,
P1_044,project1,P1_044_S02,2025-02-01T10:43:16,ai_response,music_player,skipped,4890,1563,1,
P1_044,project1,P1_044_S02,2025-02-01T10:43:39,click,story_panel,,3446,1062,1,
P1_044,project1,P1_044_S02,2025-02-01T10:44:15,submit,music_player,liked,3819,231,1,
P1_044,project1,P1_044_S02,2025-02-01T10:44:55,ai_request,recommendation_card,,1135,269,1,
P1_045,project1,P1_045_S01,2025-02-01T09:16:00,ai_response,recommendation_card,skipped,3002,461,1,
P1_045,project1,P1_045_S01,2025-02-01T09:16:23,view,style_picker,n/a,982,1679,0,
P1_045,project1,P1_045_S01,2025-02-01T09:16:50,ai_response,recommendation_card,skipped,3669,792,1,
P1_045,project1,P1_045_S01,2025-02-01T09:17:06,ai_request,submit_button,n/a,786,511,1,
P1_045,project1,P1_045_S01,2025-02-01T09:17:34,submit,recommendation_card,skipped,2725,1098,1,
P1_045,project1,P1_045_S01,2025-02-01T09:17:56,ai_response,story_panel,liked,2535,1210,1,
P1_045,project1,P1_045_S01,2025-02-01T09:18:34,click,recommendation_card,edited,2744,986,1,
P1_045,project1,P1_045_S01,2025-02-01T09:18:48,view,feedback_modal,liked,3626,1263,1,
P1_045,project1,P1_045_S01,2025-02-01T09:19:13,view,style_picker,liked,1071,789,1,
P1_045,project1,P1_045_S01,2025-02-01T09:19:28,view,style_picker,n/a,969,674,1,
P1_045,project1,P1_045_S01,2025-02-01T09:19:46,click,submit_button,liked,324,1425,1,timeout
P1_045,project1,P1_045_S01,2025-02-01T09:20:25,click,music_player,,4100,252,1,
P1_046,project1,P1_046_S01,2025-02-01T10:06:00,ai_request,style_picker,,1082,1110,1,
P1_046,project1,P1_046_S01,2025-02-01T10:06:10,ai_response,style_picker,,2997,361,1,
P1_046,project1,P1_046_S01,2025-02-01T10:06:19,click,submit_button,edited,2361,1128,1,
P1_046,project1,P1_046_S01,2025-02-01T10:06:28,ai_request,style_picker,,3650,405,1,
P1_046,project1,P1_046_S01,2025-02-01T10:06:53,view,submit_button,,165,703,1,
P1_046,project1,P1_046_S01,2025-02-01T10:07:12,submit,style_picker,skipped,1340,1192,1,
P1_046,project1,P1_046_S01,2025-02-01T10:07:35,view,feedback_modal,,4329,1681,1,
P1_046,project1,P1_046_S01,2025-02-01T10:07:44,click,submit_button,liked,1559,279,1,
P1_046,project1,P1_046_S01,2025-02-01T10:08:13,submit,music_player,edited,4066,1286,1,
P1_046,project1,P1_046_S02,2025-02-01T10:47:00,ai_response,feedback_modal,skipped,4115,1490,1,
P1_046,project1,P1_046_S02,2025-02-01T10:47:35,view,music_player,,2453,1059,1,
P1_046,project1,P1_046_S02,2025-02-01T10:48:07,view,recommendation_card,edited,1030,911,1,
P1_046,project1,P1_046_S02,2025-02-01T10:48:42,ai_request,recommendation_card,n/a,3475,1607,1,
P1_046,project1,P1_046_S02,2025-02-01T10:49:19,view,recommendation_card,,4706,1780,1,
P1_046,project1,P1_046_S02,2025-02-01T10:49:50,click,recommendation_card,skipped,3365,733,1,
P1_046,project1,P1_046_S02,2025-02-01T10:50:09,click,story_panel,edited,3767,1039,1,
P1_046,project1,P1_046_S02,2025-02-01T10:50:48,view,feedback_modal,,2800,464,1,
P1_046,project1,P1_046_S02,2025-02-01T10:50:54,ai_request,story_panel,edited,2989,1770,1,
P1_047,project1,P1_047_S01,2025-02-01T09:46:00,view,music_player,n/a,3340,1670,1,
P1_047,project1,P1_047_S01,2025-02-01T09:46:28,click,music_player,n/a,2137,227,0,
P1_047,project1,P1_047_S01,2025-02-01T09:47:06,view,recommendation_card,skipped,446,521,1,
P1_047,project1,P1_047_S01,2025-02-01T09:47:26,view,feedback_modal,,3195,1542,1,
P1_047,project1,P1_047_S01,2025-02-01T09:47:48,ai_response,story_panel,,4232,1678,1,
P1_047,project1,P1_047_S01,2025-02-01T09:47:54,view,submit_button,n/a,1343,395,1,
P1_047,project1,P1_047_S01,2025-02-01T09:48:11,ai_request,style_picker,edited,3582,1249,1,
P1_047,project1,P1_047_S01,2025-02-01T09:48:45,view,style_picker,n/a,3961,971,1,
P1_047,project1,P1_047_S01,2025-02-01T09:49:16,click,recommendation_card,edited,4468,1237,1,
P1_047,project1,P1_047_S01,2025-02-01T09:49:52,ai_request,style_picker,n/a,987,1126,1,invalid_input
P1_047,project1,P1_047_S01,2025-02-01T09:50:22,ai_request,recommendation_card,edited,4005,1353,1,
P1_047,project1,P1_047_S01,2025-02-01T09:50:36,ai_request,story_panel,,4694,546,1,timeout
P1_048,project1,P1_048_S01,2025-02-01T09:18:00,submit,recommendation_card,n/a,4741,1757,1,
P1_048,project1,P1_048_S01,2025-02-01T09:18:21,click,feedback_modal,edited,1333,274,1,
P1_048,project1,P1_048_S01,2025-02-01T09:18:52,ai_response,style_picker,liked,4707,1200,1,
P1_048,project1,P1_048_S01,2025-02-01T09:19:12,click,feedback_modal,skipped,4314,1336,1,invalid_input
P1_048,project1,P1_048_S01,2025-02-01T09:19:22,ai_response,recommendation_card,,3177,460,1,
P1_048,project1,P1_048_S01,2025-02-01T09:19:34,view,recommendation_card,,419,1068,1,
P1_048,project1,P1_048_S01,2025-02-01T09:20:12,click,feedback_modal,n/a,3525,1017,0,
P1_048,project1,P1_048_S01,2025-02-01T09:20:35,ai_request,feedback_modal,edited,4380,860,1,
P1_048,project1,P1_048_S01,2025-02-01T09:20:50,view,submit_button,liked,3141,1263,1,
P1_048,project1,P1_048_S01,2025-02-01T09:21:08,ai_response,feedback_modal,liked,1445,1273,1,
P1_048,project1,P1_048_S01,2025-02-01T09:21:33,click,music_player,skipped,649,211,1,
P1_049,project1,P1_049_S01,2025-02-01T09:42:00,view,recommendation_card,n/a,1381,336,1,
P1_049,project1,P1_049_S01,2025-02-01T09:42:19,click,story_panel,liked,2349,782,1,
P1_049,project1,P1_049_S01,2025-02-01T09:42:43,click,recommendation_card,edited,4696,1308,1,
P1_049,project1,P1_049_S01,2025-02-01T09:42:57,view,music_player,edited,1560,738,1,
P1_049,project1,P1_049_S01,2025-02-01T09:43:35,click,recommendation_card,edited,4815,1781,1,
P1_049,project1,P1_049_S01,2025-02-01T09:44:10,view,story_panel,liked,1873,387,1,
P1_049,project1,P1_049_S01,2025-02-01T09:44:24,view,story_panel,edited,737,306,1,
P1_049,project1,P1_049_S01,2025-02-01T09:44:56,submit,style_picker,edited,4199,1756,1,
P1_049,project1,P1_049_S02,2025-02-01T10:39:00,ai_request,style_picker,edited,4376,849,1,
P1_049,project1,P1_049_S02,2025-02-01T10:39:18,ai_response,feedback_modal,edited,1270,1095,1,
P1_049,project1,P1_049_S02,2025-02-01T10:39:39,submit,submit_button,skipped,2952,564,0,
P1_049,project1,P1_049_S02,2025-02-01T10:40:13,ai_request,style_picker,skipped,1851,1463,1,invalid_input
P1_049,project1,P1_049_S02,2025-02-01T10:40:30,click,music_player,,1704,1105,1,
P1_049,project1,P1_049_S02,2025-02-01T10:40:54,click,style_picker,edited,4218,226,1,
P1_049,project1,P1_049_S02,2025-02-01T10:41:16,submit,recommendation_card,,2172,761,1,invalid_input
P1_049,project1,P1_049_S02,2025-02-01T10:41:22,ai_response,recommendation_card,n/a,3823,1204,1,
P1_049,project1,P1_049_S02,2025-02-01T10:42:01,ai_request,story_panel,edited,336,1455,1,
P1_049,project1,P1_049_S02,2025-02-01T10:42:17,ai_response,music_player,,3537,444,0,
P1_049,project1,P1_049_S02,2025-02-01T10:42:25,click,submit_button,edited,1690,1541,1,
P1_050,project1,P1_050_S01,2025-02-01T10:55:00,ai_request,style_picker,n/a,216,1560,1,
P1_050,project1,P1_050_S01,2025-02-01T10:55:08,view,submit_button,liked,2284,371,1,
P1_050,project1,P1_050_S01,2025-02-01T10:55:25,submit,recommendation_card,liked,126,837,1,
P1_050,project1,P1_050_S01,2025-02-01T10:55:51,click,feedback_modal,,4738,1148,0,timeout
P1_050,project1,P1_050_S01,2025-02-01T10:56:07,ai_request,music_player,edited,4942,1483,1,
P1_050,project1,P1_050_S01,2025-02-01T10:56:12,view,style_picker,skipped,765,1683,1,
P1_050,project1,P1_050_S01,2025-02-01T10:56:29,ai_request,feedback_modal,liked,2643,309,1,
P1_050,project1,P1_050_S01,2025-02-01T10:56:51,view,style_picker,skipped,1951,585,1,
P1_050,project1,P1_050_S01,2025-02-01T10:57:14,view,recommendation_card,edited,857,1203,1,
P1_050,project1,P1_050_S01,2025-02-01T10:57:52,click,feedback_modal,liked,400,1398,1,
P1_050,project1,P1_050_S01,2025-02-01T10:58:10,error,recommendation_card,edited,2464,624,1,timeout
P1_050,project1,P1_050_S01,2025-02-01T10:58:50,ai_request,style_picker,,4304,1783,1,
P1_051,project1,P1_051_S01,2025-02-01T10:58:00,click,feedback_modal,liked,3992,486,1,
P1_051,project1,P1_051_S01,2025-02-01T10:58:29,submit,story_panel,edited,956,1489,1,timeout
P1_051,project1,P1_051_S01,2025-02-01T10:58:44,click,style_picker,edited,920,583,1,
P1_051,project1,P1_051_S01,2025-02-01T10:59:18,click,story_panel,skipped,3839,1415,1,
P1_051,project1,P1_051_S01,2025-02-01T10:59:48,click,music_player,edited,3157,1430,1,
P1_051,project1,P1_051_S01,2025-02-01T11:00:12,view,music_player,n/a,983,1062,1,
P1_051,project1,P1_051_S01,2025-02-01T11:00:42,click,music_player,n/a,1463,815,1,timeout
P1_051,project1,P1_051_S01,2025-02-01T11:01:20,view,submit_button,liked,1164,1558,1,timeout
P1_052,project1,P1_052_S01,2025-02-01T10:41:00,view,style_picker,skipped,3343,538,1,
P1_052,project1,P1_052_S01,2025-02-01T10:41:17,ai_response,style_picker,edited,758,578,1,
P1_052,project1,P1_052_S01,2025-02-01T10:41:27,ai_request,music_player,n/a,3165,210,1,
P1_052,project1,P1_052_S01,2025-02-01T10:42:02,click,recommendation_card,liked,3969,1568,1,
P1_052,project1,P1_052_S01,2025-02-01T10:42:22,ai_request,story_panel,skipped,1152,851,1,
P1_052,project1,P1_052_S01,2025-02-01T10:42:47,ai_response,feedback_modal,skipped,4990,1006,1,
P1_052,project1,P1_052_S01,2025-02-01T10:42:53,view,submit_button,liked,2026,955,1,
P1_052,project1,P1_052_S01,2025-02-01T10:42:58,submit,recommendation_card,,1984,482,1,
P1_052,project1,P1_052_S01,2025-02-01T10:43:22,click,style_picker,skipped,1573,1071,1,
P1_052,project1,P1_052_S01,2025-02-01T10:43:57,view,recommendation_card,liked,1439,1015,1,
P1_052,project1,P1_052_S01,2025-02-01T10:44:31,ai_request,style_picker,,3413,225,1,
P1_052,project1,P1_052_S01,2025-02-01T10:45:08,click,recommendation_card,,4082,1539,1,
P1_052,project1,P1_052_S01,2025-02-01T10:45:16,click,style_picker,,3788,1228,1,
P1_052,project1,P1_052_S01,2025-02-01T10:45:42,ai_request,style_picker,,1565,1068,1,
P1_052,project1,P1_052_S02,2025-02-01T09:19:00,click,feedback_modal,n/a,2212,604,1,
P1_052,project1,P1_052_S02,2025-02-01T09:19:34,click,recommendation_card,edited,426,448,1,
P1_052,project1,P1_052_S02,2025-02-01T09:19:42,ai_response,feedback_modal,edited,2167,1071,1,
P1_052,project1,P1_052_S02,2025-02-01T09:19:48,click,music_player,edited,3023,1054,0,
P1_052,project1,P1_052_S02,2025-02-01T09:19:55,click,style_picker,,4452,1712,1,
P1_052,project1,P1_052_S02,2025-02-01T09:20:34,view,feedback_modal,liked,4142,1082,1,
P1_052,project1,P1_052_S02,2025-02-01T09:21:08,submit,music_player,n/a,4761,1138,0,
P1_052,project1,P1_052_S02,2025-02-01T09:21:15,view,feedback_modal,,3228,1249,1,
P1_053,project1,P1_053_S01,2025-02-01T09:51:00,view,feedback_modal,edited,749,1087,1,
P1_053,project1,P1_053_S01,2025-02-01T09:51:21,error,submit_button,n/a,4516,699,1,
P1_053,project1,P1_053_S01,2025-02-01T09:51:56,view,recommendation_card,edited,1621,766,1,
P1_053,project1,P1_053_S01,2025-02-01T09:52:26,ai_response,feedback_modal,edited,2333,210,1,
P1_053,project1,P1_053_S01,2025-02-01T09:52:57,submit,style_picker,edited,3888,1426,1,
P1_053,project1,P1_053_S01,2025-02-01T09:53:08,view,story_panel,edited,1910,330,1,
P1_053,project1,P1_053_S01,2025-02-01T09:53:42,click,feedback_modal,n/a,2793,1308,1,timeout
P1_053,project1,P1_053_S01,2025-02-01T09:53:47,click,style_picker,edited,3740,510,1,
P1_053,project1,P1_053_S02,2025-02-01T10:08:00,view,recommendation_card,edited,3400,266,1,
P1_053,project1,P1_053_S02,2025-02-01T10:08:10,submit,submit_button,edited,780,625,1,
P1_053,project1,P1_053_S02,2025-02-01T10:08:34,view,style_picker,skipped,3928,260,1,
P1_053,project1,P1_053_S02,2025-02-01T10:09:01,click,recommendation_card,,2425,1339,1,invalid_input
P1_053,project1,P1_053_S02,2025-02-01T10:09:30,ai_response,music_player,skipped,1111,398,1,
P1_053,project1,P1_053_S02,2025-02-01T10:09:42,click,music_player,liked,3385,1326,1,
P1_053,project1,P1_053_S02,2025-02-01T10:10:13,ai_response,style_picker,edited,3075,1490,1,
P1_053,project1,P1_053_S02,2025-02-01T10:10:38,click,submit_button,skipped,1944,1027,1,
P1_053,project1,P1_053_S02,2025-02-01T10:11:11,view,music_player,skipped,2462,206,1,
P1_053,project1,P1_053_S02,2025-02-01T10:11:45,submit,feedback_modal,,3240,1388,1,invalid_input
P1_053,project1,P1_053_S02,2025-02-01T10:12:16,view,story_panel,n/a,1936,483,1,
P1_053,project1,P1_053_S02,2025-02-01T10:12:26,click,feedback_modal,skipped,287,865,1,
P1_053,project1,P1_053_S02,2025-02-01T10:13:01,submit,style_picker,,3289,1330,1,
P1_054,project1,P1_054_S01,2025-02-01T09:47:00,ai_response,music_player,skipped,1736,860,1,
P1_054,project1,P1_054_S01,2025-02-01T09:47:06,view,recommendation_card,skipped,2107,1600,1,invalid_input
P1_054,project1,P1_054_S01,2025-02-01T09:47:22,error,submit_button,,2813,526,1,
P1_054,project1,P1_054_S01,2025-02-01T09:47:31,view,story_panel,skipped,4357,1162,1,
P1_054,project1,P1_054_S01,2025-02-01T09:48:02,ai_response,feedback_modal,n/a,1091,1665,1,
P1_054,project1,P1_054_S01,2025-02-01T09:48:41,ai_request,recommendation_card,skipped,589,799,1,
P1_054,project1,P1_054_S01,2025-02-01T09:48:48,click,feedback_modal,n/a,3704,1077,1,
P1_054,project1,P1_054_S01,2025-02-01T09:49:09,ai_request,submit_button,,1484,950,1,
P1_054,project1,P1_054_S01,2025-02-01T09:49:29,ai_request,music_player,edited,895,875,1,
P1_054,project1,P1_054_S01,2025-02-01T09:50:05,ai_request,style_picker,edited,2519,1611,1,
P1_054,project1,P1_054_S01,2025-02-01T09:50:26,click,submit_button,,1247,503,1,
P1_054,project1,P1_054_S01,2025-02-01T09:50:54,click,feedback_modal,edited,2612,1666,1,
P1_054,project1,P1_054_S01,2025-02-01T09:51:29,ai_request,feedback_modal,edited,1365,1723,1,
P1_054,project1,P1_054_S02,2025-02-01T10:49:00,view,music_player,,1833,1394,1,
P1_054,project1,P1_054_S02,2025-02-01T10:49:21,click,submit_button,n/a,3424,1176,1,
P1_054,project1,P1_054_S02,2025-02-01T10:49:48,submit,submit_button,n/a,2674,1271,1,
P1_054,project1,P1_054_S02,2025-02-01T10:50:24,submit,submit_button,skipped,1536,1191,1,
P1_054,project1,P1_054_S02,2025-02-01T10:50:33,click,style_picker,liked,1937,507,1,
P1_054,project1,P1_054_S02,2025-02-01T10:50:45,submit,style_picker,skipped,3862,1366,1,timeout
P1_054,project1,P1_054_S02,2025-02-01T10:51:23,ai_response,feedback_modal,liked,3078,1560,0,
P1_054,project1,P1_054_S02,2025-02-01T10:51:49,click,style_picker,n/a,4480,1718,1,
P1_054,project1,P1_054_S02,2025-02-01T10:51:57,click,submit_button,liked,2104,724,1,
P1_054,project1,P1_054_S02,2025-02-01T10:52:17,view,feedback_modal,skipped,1553,282,1,
P1_054,project1,P1_054_S02,2025-02-01T10:52:39,view,music_player,,1185,1270,1,
P1_055,project1,P1_055_S01,2025-02-01T09:59:00,click,story_panel,edited,698,602,1,
P1_055,project1,P1_055_S01,2025-02-01T09:59:35,view,submit_button,n/a,1861,1425,1,
P1_055,project1,P1_055_S01,2025-02-01T10:00:07,ai_response,story_panel,skipped,1695,1406,1,
P1_055,project1,P1_055_S01,2025-02-01T10:00:41,error,style_picker,skipped,2317,1208,1,
P1_055,project1,P1_055_S01,2025-02-01T10:01:16,click,feedback_modal,edited,2264,1289,1,
P1_055,project1,P1_055_S01,2025-02-01T10:01:56,click,feedback_modal,skipped,1013,1749,1,
P1_055,project1,P1_055_S01,2025-02-01T10:02:21,ai_response,submit_button,skipped,4161,534,1,
P1_055,project1,P1_055_S01,2025-02-01T10:02:45,view,recommendation_card,edited,4512,574,1,
P1_055,project1,P1_055_S02,2025-02-01T09:27:00,click,style_picker,n/a,3965,410,1,timeout
P1_055,project1,P1_055_S02,2025-02-01T09:27:18,click,music_player,edited,1381,593,1,
P1_055,project1,P1_055_S02,2025-02-01T09:27:33,submit,music_player,edited,4330,1170,1,
P1_055,project1,P1_055_S02,2025-02-01T09:27:55,view,style_picker,skipped,2587,959,1,
P1_055,project1,P1_055_S02,2025-02-01T09:28:22,ai_request,style_picker,skipped,2623,1071,1,
P1_055,project1,P1_055_S02,2025-02-01T09:28:27,ai_request,recommendation_card,,3448,924,1,
P1_055,project1,P1_055_S02,2025-02-01T09:29:01,ai_request,story_panel,liked,1808,1555,1,
P1_055,project1,P1_055_S02,2025-02-01T09:29:29,view,recommendation_card,skipped,2768,1342,1,
P1_055,project1,P1_055_S02,2025-02-01T09:29:47,submit,recommendation_card,edited,975,352,1,
P1_055,project1,P1_055_S02,2025-02-01T09:30:22,ai_response,submit_button,skipped,476,1799,1,
P1_056,project1,P1_056_S01,2025-02-01T09:35:00,click,story_panel,,559,1509,1,
P1_056,project1,P1_056_S01,2025-02-01T09:35:33,ai_response,story_panel,skipped,1200,1735,0,invalid_input
P1_056,project1,P1_056_S01,2025-02-01T09:36:04,ai_request,music_player,n/a,2548,1375,1,
P1_056,project1,P1_056_S01,2025-02-01T09:36:24,click,submit_button,edited,4660,1287,1,
P1_056,project1,P1_056_S01,2025-02-01T09:36:37,ai_request,story_panel,edited,3059,1782,1,
P1_056,project1,P1_056_S01,2025-02-01T09:36:53,click,music_player,skipped,3067,882,1,invalid_input
P1_056,project1,P1_056_S01,2025-02-01T09:37:14,view,feedback_modal,,1249,444,1,
P1_056,project1,P1_056_S01,2025-02-01T09:37:50,ai_request,submit_button,,4296,964,0,
P1_056,project1,P1_056_S01,2025-02-01T09:37:57,ai_response,style_picker,n/a,4130,778,1,
P1_056,project1,P1_056_S01,2025-02-01T09:38:06,click,submit_button,,4456,524,1,
P1_056,project1,P1_056_S01,2025-02-01T09:38:16,click,recommendation_card,n/a,1663,1739,0,
P1_056,project1,P1_056_S01,2025-02-01T09:38:38,click,feedback_modal,liked,2806,349,1,
P1_057,project1,P1_057_S01,2025-02-01T10:53:00,click,style_picker,,3294,238,0,
P1_057,project1,P1_057_S01,2025-02-01T10:53:14,view,music_player,n/a,2775,1290,1,
P1_057,project1,P1_057_S01,2025-02-01T10:53:41,ai_response,feedback_modal,n/a,1350,586,1,
P1_057,project1,P1_057_S01,2025-02-01T10:53:57,view,submit_button,n/a,423,1796,1,
P1_057,project1,P1_057_S01,2025-02-01T10:54:06,click,style_picker,liked,1810,613,1,
P1_057,project1,P1_057_S01,2025-02-01T10:54:28,view,music_player,edited,323,481,1,timeout
P1_057,project1,P1_057_S01,2025-02-01T10:54:40,ai_request,recommendation_card,,3736,1723,1,
P1_057,project1,P1_057_S01,2025-02-01T10:54:48,click,recommendation_card,liked,1784,1778,1,
P1_057,project1,P1_057_S02,2025-02-01T09:22:00,ai_response,feedback_modal,n/a,1096,533,1,
P1_057,project1,P1_057_S02,2025-02-01T09:22:36,ai_request,style_picker,edited,3500,591,1,
P1_057,project1,P1_057_S02,2025-02-01T09:23:13,click,style_picker,n/a,1017,1135,0,
P1_057,project1,P1_057_S02,2025-02-01T09:23:44,click,story_panel,edited,3052,834,1,
P1_057,project1,P1_057_S02,2025-02-01T09:24:08,view,feedback_modal,,3292,1165,0,timeout
P1_057,project1,P1_057_S02,2025-02-01T09:24:33,view,music_player,liked,4725,218,1,
P1_057,project1,P1_057_S02,2025-02-01T09:25:08,ai_request,story_panel,n/a,1818,1715,1,
P1_057,project1,P1_057_S02,2025-02-01T09:25:39,ai_request,recommendation_card,liked,1530,1262,1,
P1_057,project1,P1_057_S02,2025-02-01T09:25:55,click,story_panel,liked,345,1218,1,
P1_057,project1,P1_057_S02,2025-02-01T09:26:23,ai_response,style_picker,n/a,2730,258,1,
P1_057,project1,P1_057_S02,2025-02-01T09:26:58,view,music_player,skipped,480,1304,1,
P1_057,project1,P1_057_S02,2025-02-01T09:27:36,view,story_panel,,2956,656,0,invalid_input
P1_058,project1,P1_058_S01,2025-02-01T09:59:00,ai_response,submit_button,skipped,1201,1435,1,
P1_058,project1,P1_058_S01,2025-02-01T09:59:35,click,style_picker,liked,2745,1544,1,timeout
P1_058,project1,P1_058_S01,2025-02-01T09:59:46,click,feedback_modal,n/a,1707,457,1,
P1_058,project1,P1_058_S01,2025-02-01T10:00:00,view,story_panel,,3408,778,1,
P1_058,project1,P1_058_S01,2025-02-01T10:00:19,view,feedback_modal,edited,2792,1655,1,
P1_058,project1,P1_058_S01,2025-02-01T10:00:57,click,style_picker,liked,2786,1064,1,
P1_058,project1,P1_058_S01,2025-02-01T10:01:04,ai_request,recommendation_card,,1721,573,0,
P1_058,project1,P1_058_S01,2025-02-01T10:01:24,view,style_picker,,4786,1184,1,
P1_058,project1,P1_058_S01,2025-02-01T10:01:54,click,music_player,skipped,2252,1317,1,
P1_058,project1,P1_058_S01,2025-02-01T10:02:31,ai_response,style_picker,liked,2191,898,1,
P1_058,project1,P1_058_S01,2025-02-01T10:03:11,click,story_panel,edited,4352,738,0,
P1_058,project1,P1_058_S02,2025-02-01T10:09:00,view,recommendation_card,,1085,1327,1,
P1_058,project1,P1_058_S02,2025-02-01T10:09:27,click,recommendation_card,n/a,779,1233,1,
P1_058,project1,P1_058_S02,2025-02-01T10:10:04,view,feedback_modal,liked,236,606,1,
P1_058,project1,P1_058_S02,2025-02-01T10:10:18,click,submit_button,n/a,484,1291,1,
P1_058,project1,P1_058_S02,2025-02-01T10:10:56,view,music_player,,1456,1500,1,
P1_058,project1,P1_058_S02,2025-02-01T10:11:10,click,submit_button,skipped,1756,770,0,timeout
P1_058,project1,P1_058_S02,2025-02-01T10:11:40,view,submit_button,skipped,4003,1158,1,
P1_058,project1,P1_058_S02,2025-02-01T10:12:04,view,style_picker,n/a,2652,627,1,
P1_058,project1,P1_058_S02,2025-02-01T10:12:13,view,recommendation_card,liked,1277,1184,1,
P1_059,project1,P1_059_S01,2025-02-01T10:40:00,submit,recommendation_card,n/a,1684,709,1,
P1_059,project1,P1_059_S01,2025-02-01T10:40:22,view,recommendation_card,,4899,1576,1,
P1_059,project1,P1_059_S01,2025-02-01T10:40:44,ai_request,story_panel,,4364,837,1,
P1_059,project1,P1_059_S01,2025-02-01T10:41:19,view,recommendation_card,edited,1122,1308,1,
P1_059,project1,P1_059_S01,2025-02-01T10:41:28,ai_response,feedback_modal,edited,2329,283,1,
P1_059,project1,P1_059_S01,2025-02-01T10:41:40,submit,recommendation_card,n/a,1479,1653,1,
P1_059,project1,P1_059_S01,2025-02-01T10:42:03,view,story_panel,,3070,694,1,
P1_059,project1,P1_059_S01,2025-02-01T10:42:35,click,feedback_modal,,2395,1682,1,timeout
P1_059,project1,P1_059_S01,2025-02-01T10:43:12,click,feedback_modal,edited,3021,370,0,
P1_059,project1,P1_059_S02,2025-02-01T09:31:00,click,submit_button,skipped,2277,412,1,
P1_059,project1,P1_059_S02,2025-02-01T09:31:36,click,submit_button,skipped,4351,1567,1,
P1_059,project1,P1_059_S02,2025-02-01T09:31:47,click,story_panel,liked,3054,1388,1,timeout
P1_059,project1,P1_059_S02,2025-02-01T09:32:18,ai_request,feedback_modal,,2945,1525,1,
P1_059,project1,P1_059_S02,2025-02-01T09:32:56,view,recommendation_card,skipped,310,642,1,
P1_059,project1,P1_059_S02,2025-02-01T09:33:22,view,recommendation_card,,3840,719,1,
P1_059,project1,P1_059_S02,2025-02-01T09:33:49,error,music_player,edited,3753,297,1,
P1_059,project1,P1_059_S02,2025-02-01T09:34:10,ai_request,music_player,liked,4675,1778,1,
P1_059,project1,P1_059_S02,2025-02-01T09:34:40,ai_request,music_player,skipped,828,883,1,
P1_059,project1,P1_059_S02,2025-02-01T09:34:59,click,style_picker,,840,1509,1,
P1_059,project1,P1_059_S02,2025-02-01T09:35:15,ai_request,music_player,edited,4076,918,1,
P1_059,project1,P1_059_S02,2025-02-01T09:35:43,ai_request,music_player,edited,230,428,1,
P1_060,project1,P1_060_S01,2025-02-01T10:36:00,click,recommendation_card,n/a,722,606,0,
P1_060,project1,P1_060_S01,2025-02-01T10:36:30,ai_response,music_player,edited,4464,924,1,timeout
P1_060,project1,P1_060_S01,2025-02-01T10:36:41,ai_request,feedback_modal,edited,4770,368,1,
P1_060,project1,P1_060_S01,2025-02-01T10:36:48,view,music_player,edited,315,1212,1,
P1_060,project1,P1_060_S01,2025-02-01T10:37:07,view,music_player,skipped,1869,497,0,
P1_060,project1,P1_060_S01,2025-02-01T10:37:13,ai_response,recommendation_card,skipped,3495,1339,1,
P1_060,project1,P1_060_S01,2025-02-01T10:37:44,view,submit_button,n/a,3373,1484,1,timeout
P1_060,project1,P1_060_S01,2025-02-01T10:38:13,ai_request,feedback_modal,edited,2259,1083,1,timeout
P1_060,project1,P1_060_S01,2025-02-01T10:38:33,click,style_picker,,1201,858,1,invalid_input
P1_060,project1,P1_060_S01,2025-02-01T10:38:53,ai_request,submit_button,liked,891,1239,1,
P1_060,project1,P1_060_S01,2025-02-01T10:39:04,ai_request,submit_button,liked,2953,1669,1,invalid_input
P1_060,project1,P1_060_S01,2025-02-01T10:39:23,click,submit_button,,3870,1467,1,
P1_060,project1,P1_060_S02,2025-02-01T09:21:00,click,submit_button,,2947,1176,1,
P1_060,project1,P1_060_S02,2025-02-01T09:21:27,view,feedback_modal,edited,4767,716,1,
P1_060,project1,P1_060_S02,2025-02-01T09:22:03,click,music_player,skipped,1862,1555,1,
P1_060,project1,P1_060_S02,2025-02-01T09:22:27,click,submit_button,n/a,3435,495,1,invalid_input
P1_060,project1,P1_060_S02,2025-02-01T09:22:52,ai_response,submit_button,,3035,1403,1,invalid_input
P1_060,project1,P1_060_S02,2025-02-01T09:23:01,click,feedback_modal,liked,1694,709,1,
P1_060,project1,P1_060_S02,2025-02-01T09:23:17,ai_request,story_panel,skipped,1078,879,0,timeout
P1_060,project1,P1_060_S02,2025-02-01T09:23:46,ai_request,recommendation_card,skipped,1234,903,1,
P1_061,project1,P1_061_S01,2025-02-01T10:52:00,click,music_player,edited,3388,610,1,invalid_input
P1_061,project1,P1_061_S01,2025-02-01T10:52:10,click,story_panel,n/a,2211,241,1,
P1_061,project1,P1_061_S01,2025-02-01T10:52:50,view,style_picker,,1480,203,1,
P1_061,project1,P1_061_S01,2025-02-01T10:52:55,click,style_picker,,4753,1353,1,
P1_061,project1,P1_061_S01,2025-02-01T10:53:11,view,submit_button,skipped,1589,1296,1,
P1_061,project1,P1_061_S01,2025-02-01T10:53:25,click,submit_button,liked,3710,1646,1,
P1_061,project1,P1_061_S01,2025-02-01T10:54:02,view,recommendation_card,,417,1300,1,
P1_061,project1,P1_061_S01,2025-02-01T10:54:14,ai_request,style_picker,edited,982,914,1,
P1_061,project1,P1_061_S01,2025-02-01T10:54:29,ai_response,recommendation_card,liked,1371,1455,1,timeout
P1_061,project1,P1_061_S01,2025-02-01T10:55:09,ai_request,recommendation_card,,4642,334,1,
P1_061,project1,P1_061_S02,2025-02-01T10:44:00,view,recommendation_card,,3035,320,1,timeout
P1_061,project1,P1_061_S02,2025-02-01T10:44:11,ai_request,story_panel,edited,4419,1353,1,
P1_061,project1,P1_061_S02,2025-02-01T10:44:41,ai_request,feedback_modal,liked,2414,856,1,
P1_061,project1,P1_061_S02,2025-02-01T10:45:04,ai_response,recommendation_card,skipped,3664,972,0,
P1_061,project1,P1_061_S02,2025-02-01T10:45:15,click,recommendation_card,n/a,3285,826,1,
P1_061,project1,P1_061_S02,2025-02-01T10:45:38,ai_request,feedback_modal,,4421,285,1,
P1_061,project1,P1_061_S02,2025-02-01T10:46:17,view,style_picker,,4476,257,0,
P1_061,project1,P1_061_S02,2025-02-01T10:46:34,click,submit_button,,3653,1712,1,
P1_061,project1,P1_061_S02,2025-02-01T10:47:11,click,feedback_modal,,1857,402,1,
P1_061,project1,P1_061_S02,2025-02-01T10:47:30,ai_request,story_panel,liked,4157,623,1,
P1_061,project1,P1_061_S02,2025-02-01T10:47:37,ai_response,music_player,,2479,209,1,
P1_062,project1,P1_062_S01,2025-02-01T09:49:00,view,recommendation_card,,1377,490,1,
P1_062,project1,P1_062_S01,2025-02-01T09:49:21,ai_response,recommendation_card,n/a,2637,619,1,
P1_062,project1,P1_062_S01,2025-02-01T09:49:43,click,story_panel,skipped,3488,972,1,timeout
P1_062,project1,P1_062_S01,2025-02-01T09:50:19,view,story_panel,skipped,442,1625,1,
P1_062,project1,P1_062_S01,2025-02-01T09:50:38,view,story_panel,,1401,1200,0,
P1_062,project1,P1_062_S01,2025-02-01T09:50:53,ai_response,style_picker,skipped,2433,1298,1,
P1_062,project1,P1_062_S01,2025-02-01T09:51:14,view,story_panel,skipped,1755,377,1,
P1_062,project1,P1_062_S01,2025-02-01T09:51:27,click,story_panel,skipped,4022,423,1,
P1_062,project1,P1_062_S01,2025-02-01T09:51:56,view,feedback_modal,,2080,1092,1,
P1_062,project1,P1_062_S01,2025-02-01T09:52:10,click,story_panel,n/a,1648,1773,1,
P1_062,project1,P1_062_S01,2025-02-01T09:52:15,ai_response,style_picker,edited,1537,917,1,timeout
P1_062,project1,P1_062_S01,2025-02-01T09:52:23,click,music_player,edited,4241,330,1,
P1_062,project1,P1_062_S01,2025-02-01T09:52:49,submit,recommendation_card,,3708,342,1,
P1_062,project1,P1_062_S01,2025-02-01T09:53:12,click,music_player,n/a,2701,316,1,
P1_063,project1,P1_063_S01,2025-02-01T10:19:00,view,style_picker,edited,414,493,1,
P1_063,project1,P1_063_S01,2025-02-01T10:19:05,click,submit_button,,3274,1774,1,
P1_063,project1,P1_063_S01,2025-02-01T10:19:12,click,story_panel,,4002,1370,1,
P1_063,project1,P1_063_S01,2025-02-01T10:19:41,click,feedback_modal,liked,4118,1454,1,invalid_input
P1_063,project1,P1_063_S01,2025-02-01T10:20:15,click,music_player,skipped,4494,937,1,
P1_063,project1,P1_063_S01,2025-02-01T10:20:31,ai_response,recommendation_card,edited,1413,953,1,
P1_063,project1,P1_063_S01,2025-02-01T10:20:55,view,recommendation_card,skipped,4535,664,1,
P1_063,project1,P1_063_S01,2025-02-01T10:21:22,view,recommendation_card,skipped,3522,1143,1,
P1_063,project1,P1_063_S01,2025-02-01T10:21:51,click,style_picker,edited,3367,472,1,
P1_063,project1,P1_063_S01,2025-02-01T10:22:09,ai_request,submit_button,liked,3077,1148,1,
P1_063,project1,P1_063_S01,2025-02-01T10:22:40,click,style_picker,liked,3318,489,1,
P1_063,project1,P1_063_S01,2025-02-01T10:23:13,click,submit_button,skipped,516,608,1,
P1_063,project1,P1_063_S01,2025-02-01T10:23:28,submit,submit_button,skipped,1577,1107,0,
P1_064,project1,P1_064_S01,2025-02-01T10:35:00,click,music_player,skipped,4810,605,1,
P1_064,project1,P1_064_S01,2025-02-01T10:35:20,ai_response,music_player,skipped,2690,1450,1,
P1_064,project1,P1_064_S01,2025-02-01T10:35:27,submit,story_panel,,275,217,1,
P1_064,project1,P1_064_S01,2025-02-01T10:35:53,ai_response,style_picker,edited,1763,1722,1,
P1_064,project1,P1_064_S01,2025-02-01T10:36:02,click,style_picker,n/a,3758,1172,1,
P1_064,project1,P1_064_S01,2025-02-01T10:36:26,view,submit_button,liked,1345,534,1,
P1_064,project1,P1_064_S01,2025-02-01T10:36:57,view,submit_button,skipped,2403,1613,1,
P1_064,project1,P1_064_S01,2025-02-01T10:37:09,submit,music_player,skipped,895,1747,0,
P1_064,project1,P1_064_S01,2025-02-01T10:37:44,click,music_player,,4901,1609,1,
P1_064,project1,P1_064_S01,2025-02-01T10:38:17,click,music_player,skipped,262,1207,1,
P1_064,project1,P1_064_S01,2025-02-01T10:38:43,error,style_picker,,1551,476,1,
P1_064,project1,P1_064_S01,2025-02-01T10:38:57,view,feedback_modal,liked,2727,798,1,timeout
P1_064,project1,P1_064_S01,2025-02-01T10:39:07,click,recommendation_card,,4935,1055,1,
P1_064,project1,P1_064_S02,2025-02-01T09:24:00,view,submit_button,,4110,852,1,
P1_064,project1,P1_064_S02,2025-02-01T09:24:20,ai_request,style_picker,skipped,3646,891,0,
P1_064,project1,P1_064_S02,2025-02-01T09:24:54,submit,style_picker,n/a,357,467,1,timeout
P1_064,project1,P1_064_S02,2025-02-01T09:24:59,ai_request,story_panel,edited,3218,608,1,
P1_064,project1,P1_064_S02,2025-02-01T09:25:06,submit,style_picker,skipped,2849,951,1,
P1_064,project1,P1_064_S02,2025-02-01T09:25:38,click,style_picker,liked,2936,1672,1,
P1_064,project1,P1_064_S02,2025-02-01T09:26:01,view,recommendation_card,,2710,1242,1,
P1_064,project1,P1_064_S02,2025-02-01T09:26:14,ai_request,story_panel,liked,709,562,1,
P1_064,project1,P1_064_S02,2025-02-01T09:26:34,ai_request,story_panel,,210,1708,1,
P1_064,project1,P1_064_S02,2025-02-01T09:26:43,view,feedback_modal,skipped,2810,1561,1,
P1_064,project1,P1_064_S02,2025-02-01T09:26:56,view,feedback_modal,,1620,387,1,
P1_064,project1,P1_064_S02,2025-02-01T09:27:28,ai_request,music_player,liked,509,1668,0,
P2_001,project2,P2_001_S01,2025-02-01T10:00:00,view,recommendation_card,n/a,1624,1160,1,
P2_001,project2,P2_001_S01,2025-02-01T10:00:08,click,submit_button,,751,560,1,
P2_001,project2,P2_001_S01,2025-02-01T10:00:47,click,music_player,,720,585,1,
P2_001,project2,P2_001_S01,2025-02-01T10:01:06,view,feedback_modal,n/a,2530,1431,1,
P2_001,project2,P2_001_S01,2025-02-01T10:01:24,click,style_picker,liked,4446,214,1,timeout
P2_001,project2,P2_001_S01,2025-02-01T10:01:45,view,music_player,,604,328,1,timeout
P2_001,project2,P2_001_S01,2025-02-01T10:01:53,submit,recommendation_card,,3753,224,1,
P2_001,project2,P2_001_S01,2025-02-01T10:02:18,click,style_picker,n/a,639,1365,1,
P2_001,project2,P2_001_S01,2025-02-01T10:02:51,click,recommendation_card,edited,4193,814,1,
P2_001,project2,P2_001_S01,2025-02-01T10:03:08,view,music_player,,2990,1039,1,
P2_001,project2,P2_001_S01,2025-02-01T10:03:38,click,recommendation_card,skipped,1350,490,1,
P2_001,project2,P2_001_S01,2025-02-01T10:03:44,ai_response,style_picker,skipped,1323,1018,1,
P2_001,project2,P2_001_S01,2025-02-01T10:04:00,view,music_player,liked,876,233,1,
P2_001,project2,P2_001_S01,2025-02-01T10:04:26,view,recommendation_card,skipped,1396,821,1,
P2_002,project2,P2_002_S01,2025-02-01T09:24:00,submit,recommendation_card,skipped,3664,527,1,
P2_002,project2,P2_002_S01,2025-02-01T09:24:27,ai_response,story_panel,edited,4005,1444,1,
P2_002,project2,P2_002_S01,2025-02-01T09:25:03,ai_request,recommendation_card,skipped,206,830,1,
P2_002,project2,P2_002_S01,2025-02-01T09:25:27,submit,recommendation_card,n/a,1098,1426,1,
P2_002,project2,P2_002_S01,2025-02-01T09:25:55,ai_request,music_player,edited,4731,1169,0,
P2_002,project2,P2_002_S01,2025-02-01T09:26:26,view,style_picker,liked,2660,1498,1,invalid_input
P2_002,project2,P2_002_S01,2025-02-01T09:26:48,click,submit_button,edited,1692,460,1,
P2_002,project2,P2_002_S01,2025-02-01T09:27:07,ai_request,submit_button,liked,2140,1200,1,
P2_002,project2,P2_002_S01,2025-02-01T09:27:32,click,story_panel,skipped,1315,1477,1,
P2_002,project2,P2_002_S01,2025-02-01T09:28:06,submit,feedback_modal,edited,648,1120,1,
P2_002,project2,P2_002_S01,2025-02-01T09:28:28,ai_request,style_picker,,3980,705,1,
P2_003,project2,P2_003_S01,2025-02-01T10:11:00,ai_request,style_picker,skipped,2673,1438,1,
P2_003,project2,P2_003_S01,2025-02-01T10:11:17,ai_response,submit_button,n/a,1086,805,1,
P2_003,project2,P2_003_S01,2025-02-01T10:11:34,click,submit_button,edited,2133,970,1,
P2_003,project2,P2_003_S01,2025-02-01T10:11:39,view,music_player,liked,2525,251,0,
P2_003,project2,P2_003_S01,2025-02-01T10:12:10,view,recommendation_card,liked,3759,1481,1,
P2_003,project2,P2_003_S01,2025-02-01T10:12:43,ai_request,story_panel,edited,3835,765,1,
P2_003,project2,P2_003_S01,2025-02-01T10:13:06,view,music_player,edited,238,453,0,
P2_003,project2,P2_003_S01,2025-02-01T10:13:41,click,style_picker,skipped,4606,252,1,
P2_003,project2,P2_003_S01,2025-02-01T10:14:11,view,submit_button,,2417,863,1,
P2_003,project2,P2_003_S02,2025-02-01T09:07:00,ai_request,music_player,skipped,623,339,1,
P2_003,project2,P2_003_S02,2025-02-01T09:07:15,ai_response,music_player,,3051,931,1,
P2_003,project2,P2_003_S02,2025-02-01T09:07:24,click,submit_button,,4398,1052,1,
P2_003,project2,P2_003_S02,2025-02-01T09:07:38,click,story_panel,liked,3774,525,1,timeout
P2_003,project2,P2_003_S02,2025-02-01T09:07:59,view,story_panel,n/a,298,307,1,
P2_003,project2,P2_003_S02,2025-02-01T09:08:34,view,music_player,liked,1350,481,1,
P2_003,project2,P2_003_S02,2025-02-01T09:09:04,view,style_picker,skipped,292,1571,1,
P2_003,project2,P2_003_S02,2025-02-01T09:09:13,view,submit_button,,1810,670,1,
P2_003,project2,P2_003_S02,2025-02-01T09:09:23,click,style_picker,n/a,1444,1013,1,
P2_003,project2,P2_003_S02,2025-02-01T09:09:46,view,style_picker,n/a,3281,527,1,
P2_003,project2,P2_003_S02,2025-02-01T09:10:07,click,style_picker,edited,3316,444,1,
P2_003,project2,P2_003_S02,2025-02-01T09:10:40,submit,feedback_modal,n/a,3423,619,1,
P2_003,project2,P2_003_S02,2025-02-01T09:10:51,ai_request,music_player,liked,4771,1706,1,
P2_004,project2,P2_004_S01,2025-02-01T09:46:00,view,feedback_modal,liked,4743,716,1,
P2_004,project2,P2_004_S01,2025-02-01T09:46:05,view,music_player,edited,1790,1223,1,
P2_004,project2,P2_004_S01,2025-02-01T09:46:30,click,recommendation_card,n/a,1453,1206,1,
P2_004,project2,P2_004_S01,2025-02-01T09:46:50,view,story_panel,,355,1468,0,
P2_004,project2,P2_004_S01,2025-02-01T09:47:12,ai_response,style_picker,skipped,3224,1692,1,
P2_004,project2,P2_004_S01,2025-02-01T09:47:20,click,feedback_modal,liked,3566,1719,1,
P2_004,project2,P2_004_S01,2025-02-01T09:47:51,submit,style_picker,,1083,818,1,
P2_004,project2,P2_004_S01,2025-02-01T09:48:09,view,feedback_modal,,4003,557,0,
P2_004,project2,P2_004_S01,2025-02-01T09:48:29,click,submit_button,n/a,2337,753,0,
P2_004,project2,P2_004_S01,2025-02-01T09:48:38,ai_request,music_player,liked,633,1014,1,
P2_004,project2,P2_004_S01,2025-02-01T09:49:14,click,recommendation_card,skipped,1533,227,1,
P2_004,project2,P2_004_S02,2025-02-01T10:38:00,ai_request,feedback_modal,skipped,1760,747,0,
P2_004,project2,P2_004_S02,2025-02-01T10:38:17,view,recommendation_card,,461,1353,1,
P2_004,project2,P2_004_S02,2025-02-01T10:38:53,ai_request,feedback_modal,,2447,945,0,
P2_004,project2,P2_004_S02,2025-02-01T10:39:28,click,style_picker,edited,4613,1307,1,
P2_004,project2,P2_004_S02,2025-02-01T10:39:55,click,submit_button,skipped,3148,1157,1,
P2_004,project2,P2_004_S02,2025-02-01T10:40:09,ai_request,recommendation_card,n/a,3440,937,1,
P2_004,project2,P2_004_S02,2025-02-01T10:40:30,ai_response,style_picker,edited,3922,1123,1,
P2_004,project2,P2_004_S02,2025-02-01T10:40:45,ai_response,style_picker,n/a,1288,1426,1,
P2_004,project2,P2_004_S02,2025-02-01T10:41:00,ai_response,submit_button,liked,1786,1619,1,
P2_004,project2,P2_004_S02,2025-02-01T10:41:12,error,submit_button,,4356,412,1,
P2_005,project2,P2_005_S01,2025-02-01T10:34:00,submit,style_picker,skipped,1057,866,1,
P2_005,project2,P2_005_S01,2025-02-01T10:34:40,ai_response,submit_button,skipped,1894,1381,1,
P2_005,project2,P2_005_S01,2025-02-01T10:34:51,view,feedback_modal,skipped,1375,1621,1,
P2_005,project2,P2_005_S01,2025-02-01T10:34:56,ai_response,submit_button,,4156,495,1,
P2_005,project2,P2_005_S01,2025-02-01T10:35:20,view,recommendation_card,edited,1814,1309,1,timeout
P2_005,project2,P2_005_S01,2025-02-01T10:35:37,view,story_panel,edited,1091,624,1,
P2_005,project2,P2_005_S01,2025-02-01T10:35:46,view,recommendation_card,,3556,932,1,
P2_005,project2,P2_005_S01,2025-02-01T10:36:10,click,style_picker,liked,2588,1077,1,timeout
P2_005,project2,P2_005_S01,2025-02-01T10:36:17,submit,story_panel,skipped,2718,919,0,
P2_006,project2,P2_006_S01,2025-02-01T09:54:00,click,style_picker,skipped,323,978,0,
P2_006,project2,P2_006_S01,2025-02-01T09:54:10,click,submit_button,,779,702,1,
P2_006,project2,P2_006_S01,2025-02-01T09:54:21,click,feedback_modal,edited,2077,1436,1,
P2_006,project2,P2_006_S01,2025-02-01T09:54:45,click,feedback_modal,skipped,1874,1456,1,
P2_006,project2,P2_006_S01,2025-02-01T09:54:58,click,feedback_modal,,4247,1110,0,
P2_006,project2,P2_006_S01,2025-02-01T09:55:20,submit,recommendation_card,n/a,499,718,1,
P2_006,project2,P2_006_S01,2025-02-01T09:55:56,view,recommendation_card,edited,1433,281,1,
P2_006,project2,P2_006_S01,2025-02-01T09:56:08,submit,story_panel,liked,4049,1195,1,
P2_006,project2,P2_006_S01,2025-02-01T09:56:24,ai_request,story_panel,edited,1596,657,1,
P2_006,project2,P2_006_S01,2025-02-01T09:57:00,view,recommendation_card,,931,536,1,
P2_006,project2,P2_006_S01,2025-02-01T09:57:06,click,style_picker,skipped,268,1650,1,
P2_006,project2,P2_006_S01,2025-02-01T09:57:45,view,recommendation_card,,2384,1093,1,
P2_006,project2,P2_006_S01,2025-02-01T09:57:54,view,feedback_modal,edited,3988,1021,1,
P2_007,project2,P2_007_S01,2025-02-01T09:03:00,view,music_player,liked,3754,1551,1,
P2_007,project2,P2_007_S01,2025-02-01T09:03:21,click,feedback_modal,liked,4868,1046,1,
P2_007,project2,P2_007_S01,2025-02-01T09:03:38,view,music_player,skipped,191,961,0,
P2_007,project2,P2_007_S01,2025-02-01T09:03:50,click,style_picker,n/a,4446,218,1,
P2_007,project2,P2_007_S01,2025-02-01T09:04:15,ai_response,recommendation_card,liked,1645,1559,1,
P2_007,project2,P2_007_S01,2025-02-01T09:04:26,view,submit_button,n/a,680,499,1,
P2_007,project2,P2_007_S01,2025-02-01T09:04:40,ai_response,story_panel,skipped,4305,348,1,
P2_007,project2,P2_007_S01,2025-02-01T09:05:11,ai_request,style_picker,liked,2250,1032,0,
P2_007,project2,P2_007_S01,2025-02-01T09:05:36,ai_request,story_panel,liked,3161,1000,1,
P2_008,project2,P2_008_S01,2025-02-01T10:01:00,ai_response,submit_button,skipped,1388,694,1,
P2_008,project2,P2_008_S01,2025-02-01T10:01:09,click,story_panel,skipped,643,1350,0,
P2_008,project2,P2_008_S01,2025-02-01T10:01:23,ai_request,story_panel,edited,2372,1005,1,
P2_008,project2,P2_008_S01,2025-02-01T10:01:49,click,submit_button,n/a,2779,831,1,
P2_008,project2,P2_008_S01,2025-02-01T10:02:25,click,feedback_modal,n/a,4689,1597,1,
P2_008,project2,P2_008_S01,2025-02-01T10:02:38,click,story_panel,skipped,2905,1291,1,
P2_008,project2,P2_008_S01,2025-02-01T10:02:59,submit,style_picker,edited,4969,1251,1,timeout
P2_008,project2,P2_008_S01,2025-02-01T10:03:24,ai_response,submit_button,liked,2955,827,1,
P2_008,project2,P2_008_S01,2025-02-01T10:03:55,view,submit_button,skipped,1642,1773,1,
P2_008,project2,P2_008_S01,2025-02-01T10:04:18,view,feedback_modal,edited,4546,1332,1,
P2_008,project2,P2_008_S01,2025-02-01T10:04:56,view,feedback_modal,edited,2123,621,1,
P2_008,project2,P2_008_S01,2025-02-01T10:05:22,view,feedback_modal,skipped,3171,703,1,
P2_009,project2,P2_009_S01,2025-02-01T09:18:00,submit,style_picker,,3184,1327,1,
P2_009,project2,P2_009_S01,2025-02-01T09:18:17,ai_request,style_picker,skipped,3825,1327,1,
P2_009,project2,P2_009_S01,2025-02-01T09:18:48,view,story_panel,skipped,4110,1419,1,
P2_009,project2,P2_009_S01,2025-02-01T09:19:13,view,music_player,,3060,1756,1,
P2_009,project2,P2_009_S01,2025-02-01T09:19:22,view,submit_button,n/a,2298,460,1,timeout
P2_009,project2,P2_009_S01,2025-02-01T09:19:54,view,feedback_modal,n/a,590,220,1,invalid_input
P2_009,project2,P2_009_S01,2025-02-01T09:20:16,view,music_player,liked,1905,1466,1,
P2_009,project2,P2_009_S01,2025-02-01T09:20:56,click,music_player,liked,288,1333,1,
P2_009,project2,P2_009_S01,2025-02-01T09:21:11,ai_request,recommendation_card,liked,4537,1462,0,
P2_009,project2,P2_009_S01,2025-02-01T09:21:33,ai_request,story_panel,,2116,1032,1,
P2_009,project2,P2_009_S02,2025-02-01T10:54:00,ai_response,style_picker,,125,689,1,
P2_009,project2,P2_009_S02,2025-02-01T10:54:29,click,music_player,,771,1036,1,
P2_009,project2,P2_009_S02,2025-02-01T10:54:58,ai_response,recommendation_card,,4534,1766,1,
P2_009,project2,P2_009_S02,2025-02-01T10:55:34,click,submit_button,edited,2738,242,1,
P2_009,project2,P2_009_S02,2025-02-01T10:56:07,submit,style_picker,liked,733,1430,1,
P2_009,project2,P2_009_S02,2025-02-01T10:56:22,ai_request,music_player,liked,2674,923,1,
P2_009,project2,P2_009_S02,2025-02-01T10:56:45,ai_response,recommendation_card,n/a,3947,249,1,
P2_009,project2,P2_009_S02,2025-02-01T10:56:54,click,story_panel,skipped,4783,906,1,
P2_009,project2,P2_009_S02,2025-02-01T10:57:26,ai_request,recommendation_card,,3682,722,1,
P2_010,project2,P2_010_S01,2025-02-01T09:20:00,view,submit_button,n/a,4449,600,1,invalid_input
P2_010,project2,P2_010_S01,2025-02-01T09:20:28,view,music_player,,1400,389,1,
P2_010,project2,P2_010_S01,2025-02-01T09:20:49,view,style_picker,skipped,1320,800,1,
P2_010,project2,P2_010_S01,2025-02-01T09:21:05,view,style_picker,liked,4364,336,1,
P2_010,project2,P2_010_S01,2025-02-01T09:21:13,click,feedback_modal,liked,2461,1322,1,
P2_010,project2,P2_010_S01,2025-02-01T09:21:28,view,music_player,n/a,731,337,1,
P2_010,project2,P2_010_S01,2025-02-01T09:21:44,click,recommendation_card,n/a,3122,1681,1,
P2_010,project2,P2_010_S01,2025-02-01T09:22:00,view,story_panel,edited,1507,1769,1,
P2_010,project2,P2_010_S01,2025-02-01T09:22:37,click,story_panel,skipped,1205,542,0,
P2_010,project2,P2_010_S02,2025-02-01T09:30:00,submit,style_picker,n/a,2387,1147,1,
P2_010,project2,P2_010_S02,2025-02-01T09:30:12,ai_request,music_player,n/a,446,337,1,
P2_010,project2,P2_010_S02,2025-02-01T09:30:35,click,recommendation_card,skipped,4608,1308,1,
P2_010,project2,P2_010_S02,2025-02-01T09:31:09,ai_response,submit_button,edited,4830,1671,1,
P2_010,project2,P2_010_S02,2025-02-01T09:31:30,click,recommendation_card,liked,4221,1223,1,
P2_010,project2,P2_010_S02,2025-02-01T09:31:39,click,style_picker,edited,1046,1437,1,
P2_010,project2,P2_010_S02,2025-02-01T09:32:03,click,style_picker,skipped,1727,1736,0,
P2_010,project2,P2_010_S02,2025-02-01T09:32:17,click,submit_button,liked,2573,1011,1,
P2_010,project2,P2_010_S02,2025-02-01T09:32:36,ai_response,style_picker,skipped,3370,1155,1,
P2_010,project2,P2_010_S02,2025-02-01T09:32:54,click,recommendation_card,,2110,498,1,timeout
P2_010,project2,P2_010_S02,2025-02-01T09:33:17,click,style_picker,skipped,3266,1538,1,
P2_010,project2,P2_010_S02,2025-02-01T09:33:40,click,submit_button,n/a,4008,282,1,
P2_010,project2,P2_010_S02,2025-02-01T09:34:15,view,style_picker,liked,2642,1237,1,invalid_input
P2_010,project2,P2_010_S02,2025-02-01T09:34:29,ai_request,submit_button,edited,590,250,1,
P2_011,project2,P2_011_S01,2025-02-01T09:57:00,click,submit_button,skipped,2942,1473,1,
P2_011,project2,P2_011_S01,2025-02-01T09:57:38,click,recommendation_card,skipped,3650,1763,1,
P2_011,project2,P2_011_S01,2025-02-01T09:58:18,ai_request,submit_button,n/a,651,514,1,
P2_011,project2,P2_011_S01,2025-02-01T09:58:51,ai_request,feedback_modal,edited,1279,491,1,
P2_011,project2,P2_011_S01,2025-02-01T09:59:20,view,music_player,,460,820,0,
P2_011,project2,P2_011_S01,2025-02-01T09:59:51,click,recommendation_card,liked,3597,1320,1,invalid_input
P2_011,project2,P2_011_S01,2025-02-01T10:00:09,view,story_panel,liked,406,743,1,
P2_011,project2,P2_011_S01,2025-02-01T10:00:28,click,music_player,skipped,1035,363,1,
P2_011,project2,P2_011_S01,2025-02-01T10:00:54,submit,style_picker,skipped,2214,1381,1,
P2_011,project2,P2_011_S01,2025-02-01T10:01:20,submit,style_picker,n/a,1374,1567,1,
P2_011,project2,P2_011_S01,2025-02-01T10:01:58,submit,submit_button,liked,1953,245,1,
P2_012,project2,P2_012_S01,2025-02-01T10:03:00,error,story_panel,n/a,2560,727,1,
P2_012,project2,P2_012_S01,2025-02-01T10:03:19,ai_request,music_player,liked,3903,513,1,
P2_012,project2,P2_012_S01,2025-02-01T10:03:56,click,feedback_modal,skipped,3534,1360,1,
P2_012,project2,P2_012_S01,2025-02-01T10:04:11,submit,feedback_modal,,2671,316,1,
P2_012,project2,P2_012_S01,2025-02-01T10:04:25,click,story_panel,edited,3134,442,1,
P2_012,project2,P2_012_S01,2025-02-01T10:05:01,ai_response,recommendation_card,n/a,1853,1030,1,
P2_012,project2,P2_012_S01,2025-02-01T10:05:21,submit,music_player,edited,1404,1424,1,
P2_012,project2,P2_012_S01,2025-02-01T10:05:31,view,story_panel,,1329,1306,1,
P2_012,project2,P2_012_S01,2025-02-01T10:05:45,error,story_panel,skipped,1554,266,1,invalid_input
P2_012,project2,P2_012_S01,2025-02-01T10:06:13,submit,feedback_modal,edited,4785,379,0,
P2_012,project2,P2_012_S01,2025-02-01T10:06:39,view,submit_button,,423,1458,0,timeout
P2_012,project2,P2_012_S01,2025-02-01T10:06:54,ai_response,recommendation_card,,2289,1415,1,
P2_012,project2,P2_012_S01,2025-02-01T10:07:03,ai_request,style_picker,liked,632,1146,1,
P2_012,project2,P2_012_S02,2025-02-01T09:12:00,submit,feedback_modal,edited,362,1005,1,
P2_012,project2,P2_012_S02,2025-02-01T09:12:35,ai_request,style_picker,n/a,2610,801,1,
P2_012,project2,P2_012_S02,2025-02-01T09:13:06,ai_request,music_player,edited,2775,631,1,
P2_012,project2,P2_012_S02,2025-02-01T09:13:20,view,story_panel,n/a,1064,502,1,
P2_012,project2,P2_012_S02,2025-02-01T09:13:34,ai_request,style_picker,edited,2721,1386,1,
P2_012,project2,P2_012_S02,2025-02-01T09:14:05,view,feedback_modal,n/a,4914,819,1,
P2_012,project2,P2_012_S02,2025-02-01T09:14:40,submit,style_picker,liked,3301,592,1,
P2_012,project2,P2_012_S02,2025-02-01T09:15:01,click,recommendation_card,skipped,3356,1652,1,
P2_012,project2,P2_012_S02,2025-02-01T09:15:26,ai_request,feedback_modal,skipped,2678,1739,1,
P2_012,project2,P2_012_S02,2025-02-01T09:15:31,ai_response,music_player,edited,3506,390,1,invalid_input
P2_012,project2,P2_012_S02,2025-02-01T09:15:45,view,music_player,liked,4300,1436,1,
P2_013,project2,P2_013_S01,2025-02-01T09:53:00,ai_request,feedback_modal,edited,2909,1459,1,
P2_013,project2,P2_013_S01,2025-02-01T09:53:35,ai_request,submit_button,liked,1829,502,1,
P2_013,project2,P2_013_S01,2025-02-01T09:54:12,view,recommendation_card,n/a,4937,1454,1,
P2_013,project2,P2_013_S01,2025-02-01T09:54:19,click,feedback_modal,n/a,4582,794,1,
P2_013,project2,P2_013_S01,2025-02-01T09:54:26,view,story_panel,skipped,4927,1484,1,
P2_013,project2,P2_013_S01,2025-02-01T09:54:57,ai_response,submit_button,n/a,1991,845,1,
P2_013,project2,P2_013_S01,2025-02-01T09:55:18,click,feedback_modal,,1979,1568,1,
P2_013,project2,P2_013_S01,2025-02-01T09:55:39,view,music_player,,1916,1120,1,
P2_014,project2,P2_014_S01,2025-02-01T10:42:00,view,submit_button,skipped,233,1227,1,
P2_014,project2,P2_014_S01,2025-02-01T10:42:24,ai_request,feedback_modal,,4168,1388,1,
P2_014,project2,P2_014_S01,2025-02-01T10:42:47,ai_request,music_player,skipped,4693,1686,1,
P2_014,project2,P2_014_S01,2025-02-01T10:43:04,view,recommendation_card,,2793,1524,1,
P2_014,project2,P2_014_S01,2025-02-01T10:43:15,view,feedback_modal,edited,1484,1546,1,
P2_014,project2,P2_014_S01,2025-02-01T10:43:30,ai_response,music_player,liked,3060,399,1,
P2_014,project2,P2_014_S01,2025-02-01T10:44:09,submit,feedback_modal,,724,518,1,
P2_014,project2,P2_014_S01,2025-02-01T10:44:14,ai_response,story_panel,edited,1566,432,1,
P2_014,project2,P2_014_S01,2025-02-01T10:44:51,ai_request,submit_button,skipped,4284,450,1,
P2_014,project2,P2_014_S01,2025-02-01T10:45:01,click,story_panel,edited,1545,994,1,
P2_014,project2,P2_014_S01,2025-02-01T10:45:22,ai_request,submit_button,,619,532,1,
P2_014,project2,P2_014_S01,2025-02-01T10:46:01,view,feedback_modal,edited,344,896,1,
P2_014,project2,P2_014_S01,2025-02-01T10:46:33,view,submit_button,skipped,1839,543,1,
P2_014,project2,P2_014_S01,2025-02-01T10:46:42,error,feedback_modal,liked,4149,1341,1,
P2_015,project2,P2_015_S01,2025-02-01T10:55:00,view,music_player,,4777,927,0,
P2_015,project2,P2_015_S01,2025-02-01T10:55:28,submit,recommendation_card,,2681,1149,0,
P2_015,project2,P2_015_S01,2025-02-01T10:56:06,click,story_panel,n/a,1212,1169,1,invalid_input
P2_015,project2,P2_015_S01,2025-02-01T10:56:32,view,story_panel,edited,2115,839,1,
P2_015,project2,P2_015_S01,2025-02-01T10:56:39,ai_response,story_panel,edited,1221,1625,1,
P2_015,project2,P2_015_S01,2025-02-01T10:56:53,view,recommendation_card,,4449,945,0,
P2_015,project2,P2_015_S01,2025-02-01T10:57:17,click,story_panel,edited,2784,578,1,
P2_015,project2,P2_015_S01,2025-02-01T10:57:55,submit,story_panel,edited,1028,394,1,
P2_016,project2,P2_016_S01,2025-02-01T09:23:00,view,story_panel,liked,502,766,1,
P2_016,project2,P2_016_S01,2025-02-01T09:23:39,ai_response,story_panel,n/a,4829,1614,1,timeout
P2_016,project2,P2_016_S01,2025-02-01T09:24:03,view,recommendation_card,,2655,1060,0,
P2_016,project2,P2_016_S01,2025-02-01T09:24:11,view,story_panel,n/a,132,418,1,
P2_016,project2,P2_016_S01,2025-02-01T09:24:39,click,story_panel,edited,1400,1410,1,
P2_016,project2,P2_016_S01,2025-02-01T09:24:59,view,music_player,liked,4761,1635,1,
P2_016,project2,P2_016_S01,2025-02-01T09:25:05,click,feedback_modal,liked,1487,1711,1,
P2_016,project2,P2_016_S01,2025-02-01T09:25:42,view,recommendation_card,,4384,759,1,
P2_016,project2,P2_016_S01,2025-02-01T09:25:59,click,music_player,,3620,632,1,
P2_016,project2,P2_016_S01,2025-02-01T09:26:37,view,music_player,skipped,4939,1042,1,
P2_016,project2,P2_016_S01,2025-02-01T09:26:57,submit,story_panel,skipped,2188,1527,1,
P2_016,project2,P2_016_S01,2025-02-01T09:27:09,click,music_player,edited,1150,1380,1,
P2_017,project2,P2_017_S01,2025-02-01T09:16:00,view,music_player,,691,1600,1,timeout
P2_017,project2,P2_017_S01,2025-02-01T09:16:22,ai_response,submit_button,,1821,1668,1,
P2_017,project2,P2_017_S01,2025-02-01T09:16:53,view,music_player,skipped,1282,501,1,
P2_017,project2,P2_017_S01,2025-02-01T09:17:21,click,recommendation_card,skipped,4350,1593,1,
P2_017,project2,P2_017_S01,2025-02-01T09:17:35,view,style_picker,liked,2088,1203,1,
P2_017,project2,P2_017_S01,2025-02-01T09:17:43,view,recommendation_card,skipped,1399,325,1,
P2_017,project2,P2_017_S01,2025-02-01T09:18:17,click,music_player,skipped,1004,788,1,
P2_017,project2,P2_017_S01,2025-02-01T09:18:49,ai_request,recommendation_card,n/a,634,1401,1,
P2_017,project2,P2_017_S01,2025-02-01T09:19:08,click,feedback_modal,edited,4006,999,1,
P2_017,project2,P2_017_S01,2025-02-01T09:19:41,ai_response,story_panel,liked,4080,987,1,timeout
P2_017,project2,P2_017_S01,2025-02-01T09:20:18,submit,music_player,,2292,1677,1,
P2_017,project2,P2_017_S01,2025-02-01T09:20:29,view,feedback_modal,n/a,2641,1728,1,
P2_017,project2,P2_017_S01,2025-02-01T09:20:40,view,style_picker,edited,2101,1751,1,timeout
P2_018,project2,P2_018_S01,2025-02-01T10:20:00,error,story_panel,liked,260,870,1,
P2_018,project2,P2_018_S01,2025-02-01T10:20:31,click,story_panel,skipped,1684,583,1,
P2_018,project2,P2_018_S01,2025-02-01T10:21:03,view,style_picker,n/a,1734,1487,1,
P2_018,project2,P2_018_S01,2025-02-01T10:21:30,view,recommendation_card,n/a,1707,701,1,
P2_018,project2,P2_018_S01,2025-02-01T10:21:57,click,music_player,n/a,2831,1209,1,timeout
P2_018,project2,P2_018_S01,2025-02-01T10:22:03,submit,story_panel,n/a,1222,673,1,
P2_018,project2,P2_018_S01,2025-02-01T10:22:37,click,feedback_modal,,940,1594,1,
P2_018,project2,P2_018_S01,2025-02-01T10:22:50,view,music_player,liked,3138,398,0,
P2_018,project2,P2_018_S01,2025-02-01T10:23:21,view,style_picker,n/a,3785,628,0,timeout
P2_018,project2,P2_018_S01,2025-02-01T10:23:33,view,style_picker,n/a,4498,1728,1,
P2_018,project2,P2_018_S01,2025-02-01T10:23:40,click,style_picker,n/a,1468,1546,1,
P2_019,project2,P2_019_S01,2025-02-01T10:41:00,ai_response,story_panel,,4226,1393,1,
P2_019,project2,P2_019_S01,2025-02-01T10:41:05,click,style_picker,edited,3805,1339,1,
P2_019,project2,P2_019_S01,2025-02-01T10:41:16,error,submit_button,,2354,594,1,
P2_019,project2,P2_019_S01,2025-02-01T10:41:23,ai_request,music_player,liked,1719,471,1,
P2_019,project2,P2_019_S01,2025-02-01T10:41:56,view,music_player,,1065,1686,1,
P2_019,project2,P2_019_S01,2025-02-01T10:42:20,ai_request,recommendation_card,liked,618,525,1,
P2_019,project2,P2_019_S01,2025-02-01T10:42:48,view,music_player,skipped,989,373,1,
P2_019,project2,P2_019_S01,2025-02-01T10:43:02,click,recommendation_card,liked,1461,745,1,
P2_019,project2,P2_019_S01,2025-02-01T10:43:40,ai_response,submit_button,n/a,2803,1127,1,invalid_input
P2_019,project2,P2_019_S01,2025-02-01T10:44:19,submit,music_player,skipped,3580,552,1,
P2_019,project2,P2_019_S01,2025-02-01T10:44:41,click,submit_button,liked,264,601,1,
P2_020,project2,P2_020_S01,2025-02-01T10:58:00,ai_response,story_panel,liked,540,670,1,
P2_020,project2,P2_020_S01,2025-02-01T10:58:12,click,recommendation_card,n/a,1207,308,1,
P2_020,project2,P2_020_S01,2025-02-01T10:58:31,ai_request,music_player,,4264,1442,1,
P2_020,project2,P2_020_S01,2025-02-01T10:59:10,click,style_picker,n/a,4503,391,1,
P2_020,project2,P2_020_S01,2025-02-01T10:59:23,ai_request,story_panel,skipped,4118,620,1,
P2_020,project2,P2_020_S01,2025-02-01T10:59:33,click,submit_button,skipped,685,1064,1,
P2_020,project2,P2_020_S01,2025-02-01T10:59:58,click,feedback_modal,edited,2866,261,0,
P2_020,project2,P2_020_S01,2025-02-01T11:00:04,ai_request,feedback_modal,,348,371,1,
P2_020,project2,P2_020_S02,2025-02-01T09:10:00,view,story_panel,skipped,4515,1526,1,
P2_020,project2,P2_020_S02,2025-02-01T09:10:06,ai_request,style_picker,edited,3205,1576,1,timeout
P2_020,project2,P2_020_S02,2025-02-01T09:10:29,ai_request,style_picker,liked,796,1317,1,
P2_020,project2,P2_020_S02,2025-02-01T09:11:08,click,recommendation_card,n/a,727,508,1,
P2_020,project2,P2_020_S02,2025-02-01T09:11:45,submit,story_panel,edited,3208,1160,0,
P2_020,project2,P2_020_S02,2025-02-01T09:11:51,view,story_panel,,2240,703,1,
P2_020,project2,P2_020_S02,2025-02-01T09:12:01,click,submit_button,edited,4442,507,1,
P2_020,project2,P2_020_S02,2025-02-01T09:12:21,click,style_picker,n/a,1966,858,1,
P2_020,project2,P2_020_S02,2025-02-01T09:12:45,ai_request,submit_button,skipped,443,1331,1,
P2_020,project2,P2_020_S02,2025-02-01T09:12:53,click,music_player,skipped,4673,1142,1,
P2_020,project2,P2_020_S02,2025-02-01T09:12:59,ai_request,feedback_modal,n/a,1613,457,0,
P2_020,project2,P2_020_S02,2025-02-01T09:13:07,ai_response,recommendation_card,edited,4430,454,1,timeout
P2_020,project2,P2_020_S02,2025-02-01T09:13:12,view,feedback_modal,edited,1553,1321,1,
P2_021,project2,P2_021_S01,2025-02-01T09:48:00,ai_request,submit_button,,3374,748,1,
P2_021,project2,P2_021_S01,2025-02-01T09:48:14,submit,submit_button,edited,1499,1268,1,
P2_021,project2,P2_021_S01,2025-02-01T09:48:38,click,music_player,,2088,1059,1,
P2_021,project2,P2_021_S01,2025-02-01T09:49:16,click,story_panel,edited,2163,368,1,
P2_021,project2,P2_021_S01,2025-02-01T09:49:45,view,feedback_modal,skipped,1383,926,1,
P2_021,project2,P2_021_S01,2025-02-01T09:50:08,ai_response,story_panel,liked,3403,669,1,
P2_021,project2,P2_021_S01,2025-02-01T09:50:47,submit,style_picker,liked,290,1569,0,
P2_021,project2,P2_021_S01,2025-02-01T09:51:18,ai_request,style_picker,n/a,4816,1286,1,timeout
P2_021,project2,P2_021_S01,2025-02-01T09:51:37,ai_request,style_picker,liked,4655,1628,1,
P2_021,project2,P2_021_S01,2025-02-01T09:51:59,click,music_player,skipped,604,1579,1,
P2_021,project2,P2_021_S01,2025-02-01T09:52:07,error,style_picker,liked,1776,642,1,
P2_021,project2,P2_021_S01,2025-02-01T09:52:34,view,submit_button,edited,4909,845,1,
P2_021,project2,P2_021_S01,2025-02-01T09:52:53,ai_request,story_panel,,874,1656,1,
P2_022,project2,P2_022_S01,2025-02-01T10:17:00,view,story_panel,liked,4135,643,1,
P2_022,project2,P2_022_S01,2025-02-01T10:17:19,view,recommendation_card,,729,371,1,
P2_022,project2,P2_022_S01,2025-02-01T10:17:56,click,style_picker,skipped,880,1145,1,
P2_022,project2,P2_022_S01,2025-02-01T10:18:36,ai_request,submit_button,,187,578,1,
P2_022,project2,P2_022_S01,2025-02-01T10:18:42,click,style_picker,skipped,1017,1325,1,
P2_022,project2,P2_022_S01,2025-02-01T10:18:47,view,recommendation_card,edited,3968,1504,1,
P2_022,project2,P2_022_S01,2025-02-01T10:19:10,ai_request,submit_button,,3503,206,1,
P2_022,project2,P2_022_S01,2025-02-01T10:19:40,click,style_picker,liked,574,356,1,
P2_022,project2,P2_022_S01,2025-02-01T10:19:52,ai_response,feedback_modal,n/a,2449,422,1,
P2_023,project2,P2_023_S01,2025-02-01T09:43:00,view,music_player,skipped,1695,549,1,
P2_023,project2,P2_023_S01,2025-02-01T09:43:18,submit,submit_button,liked,702,691,1,
P2_023,project2,P2_023_S01,2025-02-01T09:43:49,view,style_picker,,2508,466,1,
P2_023,project2,P2_023_S01,2025-02-01T09:43:56,ai_request,feedback_modal,,2864,686,1,
P2_023,project2,P2_023_S01,2025-02-01T09:44:28,ai_response,feedback_modal,,4354,1620,0,
P2_023,project2,P2_023_S01,2025-02-01T09:45:00,ai_request,story_panel,,1680,313,1,
P2_023,project2,P2_023_S01,2025-02-01T09:45:29,click,submit_button,,323,991,1,
P2_023,project2,P2_023_S01,2025-02-01T09:45:54,ai_response,music_player,,1537,1772,1,
P2_023,project2,P2_023_S01,2025-02-01T09:46:21,view,recommendation_card,n/a,4607,575,1,
P2_023,project2,P2_023_S01,2025-02-01T09:46:57,click,submit_button,liked,1827,1274,1,
P2_023,project2,P2_023_S01,2025-02-01T09:47:04,view,style_picker,n/a,140,1280,1,
P2_023,project2,P2_023_S01,2025-02-01T09:47:30,view,recommendation_card,n/a,4430,479,1,
P2_023,project2,P2_023_S01,2025-02-01T09:47:58,submit,story_panel,,939,1566,1,
P2_023,project2,P2_023_S01,2025-02-01T09:48:04,submit,story_panel,n/a,3116,1356,1,
P2_023,project2,P2_023_S02,2025-02-01T09:36:00,view,story_panel,skipped,2190,1393,1,
P2_023,project2,P2_023_S02,2025-02-01T09:36:31,ai_request,submit_button,skipped,2528,1331,1,
P2_023,project2,P2_023_S02,2025-02-01T09:37:05,view,submit_button,edited,1289,1296,1,
P2_023,project2,P2_023_S02,2025-02-01T09:37:25,view,submit_button,,2511,243,1,
P2_023,project2,P2_023_S02,2025-02-01T09:37:42,ai_response,music_player,,1615,1798,1,
P2_023,project2,P2_023_S02,2025-02-01T09:37:56,ai_request,recommendation_card,skipped,4719,1346,1,
P2_023,project2,P2_023_S02,2025-02-01T09:38:02,error,recommendation_card,liked,3360,1511,1,
P2_023,project2,P2_023_S02,2025-02-01T09:38:08,submit,music_player,liked,2635,1350,1,
P2_023,project2,P2_023_S02,2025-02-01T09:38:46,submit,style_picker,n/a,3063,1531,1,timeout
P2_023,project2,P2_023_S02,2025-02-01T09:38:59,submit,submit_button,,2432,206,1,timeout
P2_023,project2,P2_023_S02,2025-02-01T09:39:11,error,feedback_modal,n/a,3656,899,0,
P2_023,project2,P2_023_S02,2025-02-01T09:39:25,click,style_picker,n/a,1301,1089,1,
P2_024,project2,P2_024_S01,2025-02-01T10:13:00,click,feedback_modal,,1874,230,1,
P2_024,project2,P2_024_S01,2025-02-01T10:13:11,submit,feedback_modal,liked,1658,1282,1,
P2_024,project2,P2_024_S01,2025-02-01T10:13:23,view,music_player,edited,3365,1308,1,
P2_024,project2,P2_024_S01,2025-02-01T10:13:47,ai_request,style_picker,,341,536,1,
P2_024,project2,P2_024_S01,2025-02-01T10:13:52,submit,submit_button,skipped,3300,997,0,
P2_024,project2,P2_024_S01,2025-02-01T10:14:21,click,story_panel,,1683,1453,1,timeout
P2_024,project2,P2_024_S01,2025-02-01T10:14:27,view,story_panel,skipped,4423,314,1,
P2_024,project2,P2_024_S01,2025-02-01T10:14:50,submit,story_panel,edited,545,1128,1,
P2_024,project2,P2_024_S01,2025-02-01T10:15:28,view,submit_button,skipped,3468,1484,1,
P2_024,project2,P2_024_S01,2025-02-01T10:15:47,submit,style_picker,,4157,1102,1,
P2_024,project2,P2_024_S01,2025-02-01T10:16:02,view,recommendation_card,liked,3403,1762,1,
P2_024,project2,P2_024_S02,2025-02-01T09:44:00,click,story_panel,skipped,3984,987,1,invalid_input
P2_024,project2,P2_024_S02,2025-02-01T09:44:09,ai_request,style_picker,,3354,1273,1,
P2_024,project2,P2_024_S02,2025-02-01T09:44:26,view,recommendation_card,liked,830,471,1,
P2_024,project2,P2_024_S02,2025-02-01T09:44:41,view,recommendation_card,,3927,1315,1,
P2_024,project2,P2_024_S02,2025-02-01T09:44:59,ai_request,music_player,,743,1434,1,
P2_024,project2,P2_024_S02,2025-02-01T09:45:18,ai_request,music_player,n/a,2703,471,1,
P2_024,project2,P2_024_S02,2025-02-01T09:45:45,click,music_player,liked,3765,352,1,
P2_024,project2,P2_024_S02,2025-02-01T09:46:09,view,story_panel,liked,4841,861,0,
P2_025,project2,P2_025_S01,2025-02-01T10:44:00,click,style_picker,,2037,1125,1,
P2_025,project2,P2_025_S01,2025-02-01T10:44:11,click,submit_button,,1261,1148,1,
P2_025,project2,P2_025_S01,2025-02-01T10:44:48,view,music_player,,214,530,1,
P2_025,project2,P2_025_S01,2025-02-01T10:45:27,ai_request,story_panel,liked,2238,1263,1,
P2_025,project2,P2_025_S01,2025-02-01T10:46:06,click,recommendation_card,n/a,3687,678,1,
P2_025,project2,P2_025_S01,2025-02-01T10:46:25,ai_response,submit_button,liked,1041,1255,1,
P2_025,project2,P2_025_S01,2025-02-01T10:46:50,click,style_picker,liked,4789,1736,1,
P2_025,project2,P2_025_S01,2025-02-01T10:47:26,ai_request,submit_button,n/a,3611,1024,1,invalid_input
P2_026,project2,P2_026_S01,2025-02-01T10:29:00,click,recommendation_card,liked,3418,1261,1,
P2_026,project2,P2_026_S01,2025-02-01T10:29:05,click,story_panel,skipped,4528,494,0,
P2_026,project2,P2_026_S01,2025-02-01T10:29:21,view,style_picker,edited,1404,376,1,
P2_026,project2,P2_026_S01,2025-02-01T10:29:49,view,style_picker,n/a,3764,414,1,
P2_026,project2,P2_026_S01,2025-02-01T10:30:03,ai_request,submit_button,liked,695,1368,1,
P2_026,project2,P2_026_S01,2025-02-01T10:30:37,ai_request,story_panel,n/a,4938,1294,1,
P2_026,project2,P2_026_S01,2025-02-01T10:31:09,submit,submit_button,edited,4578,233,1,
P2_026,project2,P2_026_S01,2025-02-01T10:31:16,ai_response,story_panel,n/a,1982,1556,1,
P2_026,project2,P2_026_S02,2025-02-01T10:04:00,submit,style_picker,n/a,2866,1706,1,
P2_026,project2,P2_026_S02,2025-02-01T10:04:09,submit,style_picker,edited,3801,1482,1,
P2_026,project2,P2_026_S02,2025-02-01T10:04:16,submit,recommendation_card,,3024,566,1,
P2_026,project2,P2_026_S02,2025-02-01T10:04:49,click,music_player,n/a,1629,253,1,
P2_026,project2,P2_026_S02,2025-02-01T10:05:18,ai_request,submit_button,,3879,1213,1,
P2_026,project2,P2_026_S02,2025-02-01T10:05:57,view,submit_button,n/a,3675,1235,1,
P2_026,project2,P2_026_S02,2025-02-01T10:06:10,click,submit_button,liked,4146,1735,0,
P2_026,project2,P2_026_S02,2025-02-01T10:06:35,submit,story_panel,skipped,1625,1597,1,
P2_026,project2,P2_026_S02,2025-02-01T10:06:43,submit,story_panel,edited,3296,980,1,
P2_026,project2,P2_026_S02,2025-02-01T10:07:17,click,story_panel,,1475,772,1,
P2_027,project2,P2_027_S01,2025-02-01T09:34:00,view,submit_button,skipped,3873,1415,1,
P2_027,project2,P2_027_S01,2025-02-01T09:34:23,view,music_player,liked,4463,1714,1,
P2_027,project2,P2_027_S01,2025-02-01T09:34:53,ai_request,music_player,liked,4574,1372,1,
P2_027,project2,P2_027_S01,2025-02-01T09:35:08,view,feedback_modal,edited,1628,1291,1,
P2_027,project2,P2_027_S01,2025-02-01T09:35:43,view,style_picker,skipped,1473,1378,1,timeout
P2_027,project2,P2_027_S01,2025-02-01T09:36:02,ai_response,music_player,edited,4439,1445,1,
P2_027,project2,P2_027_S01,2025-02-01T09:36:21,ai_response,submit_button,,4686,1655,1,
P2_027,project2,P2_027_S01,2025-02-01T09:36:57,click,recommendation_card,n/a,2757,232,1,
P2_027,project2,P2_027_S01,2025-02-01T09:37:20,ai_request,music_player,,1690,827,1,
P2_027,project2,P2_027_S01,2025-02-01T09:37:57,ai_request,story_panel,,4042,1426,1,
P2_027,project2,P2_027_S02,2025-02-01T10:46:00,click,music_player,edited,408,376,1,
P2_027,project2,P2_027_S02,2025-02-01T10:46:24,view,style_picker,skipped,980,869,1,
P2_027,project2,P2_027_S02,2025-02-01T10:46:42,ai_request,style_picker,n/a,1856,1059,1,
P2_027,project2,P2_027_S02,2025-02-01T10:47:20,view,recommendation_card,skipped,2699,293,0,
P2_027,project2,P2_027_S02,2025-02-01T10:47:34,submit,feedback_modal,,2422,1776,1,
P2_027,project2,P2_027_S02,2025-02-01T10:48:01,view,recommendation_card,n/a,4435,449,1,
P2_027,project2,P2_027_S02,2025-02-01T10:48:41,view,feedback_modal,liked,4015,213,1,
P2_027,project2,P2_027_S02,2025-02-01T10:49:18,click,style_picker,skipped,1433,480,1,
P2_027,project2,P2_027_S02,2025-02-01T10:49:50,click,style_picker,n/a,4248,1050,1,
P2_027,project2,P2_027_S02,2025-02-01T10:50:23,view,music_player,liked,4136,1646,1,
P2_027,project2,P2_027_S02,2025-02-01T10:50:45,click,style_picker,n/a,3556,944,1,
P2_027,project2,P2_027_S02,2025-02-01T10:51:08,view,music_player,edited,1072,369,1,
P2_027,project2,P2_027_S02,2025-02-01T10:51:34,view,story_panel,,451,519,1,
P2_028,project2,P2_028_S01,2025-02-01T09:09:00,view,story_panel,edited,2699,341,1,
P2_028,project2,P2_028_S01,2025-02-01T09:09:35,view,music_player,skipped,4651,1711,1,
P2_028,project2,P2_028_S01,2025-02-01T09:09:59,view,submit_button,n/a,3238,990,1,invalid_input
P2_028,project2,P2_028_S01,2025-02-01T09:10:35,view,feedback_modal,liked,3565,1119,1,
P2_028,project2,P2_028_S01,2025-02-01T09:10:58,submit,music_player,,1162,950,1,invalid_input
P2_028,project2,P2_028_S01,2025-02-01T09:11:13,ai_response,style_picker,liked,670,1276,1,
P2_028,project2,P2_028_S01,2025-02-01T09:11:52,ai_request,story_panel,liked,1659,328,1,
P2_028,project2,P2_028_S01,2025-02-01T09:11:57,submit,submit_button,,583,972,1,
P2_028,project2,P2_028_S01,2025-02-01T09:12:35,view,style_picker,skipped,1411,617,1,
P2_029,project2,P2_029_S01,2025-02-01T10:38:00,click,feedback_modal,,3835,562,1,
P2_029,project2,P2_029_S01,2025-02-01T10:38:35,click,style_picker,edited,4704,1485,1,
P2_029,project2,P2_029_S01,2025-02-01T10:38:49,ai_response,story_panel,edited,1266,1466,0,
P2_029,project2,P2_029_S01,2025-02-01T10:39:23,click,feedback_modal,n/a,2075,1694,1,
P2_029,project2,P2_029_S01,2025-02-01T10:39:39,ai_request,story_panel,skipped,1538,329,1,
P2_029,project2,P2_029_S01,2025-02-01T10:40:12,ai_request,feedback_modal,liked,4724,1542,1,
P2_029,project2,P2_029_S01,2025-02-01T10:40:18,click,music_player,liked,4823,1360,1,
P2_029,project2,P2_029_S01,2025-02-01T10:40:49,ai_response,story_panel,skipped,2778,1546,1,
P2_029,project2,P2_029_S01,2025-02-01T10:41:13,view,submit_button,liked,2037,541,1,
P2_029,project2,P2_029_S01,2025-02-01T10:41:33,ai_request,submit_button,liked,2723,1338,1,
P2_029,project2,P2_029_S01,2025-02-01T10:41:45,click,feedback_modal,skipped,4139,648,1,
P2_030,project2,P2_030_S01,2025-02-01T10:13:00,view,style_picker,n/a,4180,1451,1,
P2_030,project2,P2_030_S01,2025-02-01T10:13:33,submit,submit_button,skipped,122,582,1,
P2_030,project2,P2_030_S01,2025-02-01T10:13:48,view,music_player,n/a,3938,1755,1,
P2_030,project2,P2_030_S01,2025-02-01T10:14:00,view,feedback_modal,edited,1232,1386,1,timeout
P2_030,project2,P2_030_S01,2025-02-01T10:14:38,view,music_player,,907,475,1,
P2_030,project2,P2_030_S01,2025-02-01T10:14:46,click,music_player,,464,743,1,
P2_030,project2,P2_030_S01,2025-02-01T10:15:20,click,submit_button,n/a,3691,915,1,
P2_030,project2,P2_030_S01,2025-02-01T10:15:48,submit,style_picker,liked,2039,1505,1,timeout
P2_030,project2,P2_030_S01,2025-02-01T10:15:55,view,style_picker,edited,2035,994,1,
P2_030,project2,P2_030_S01,2025-02-01T10:16:20,view,story_panel,edited,1435,630,1,
P2_031,project2,P2_031_S01,2025-02-01T10:39:00,submit,music_player,n/a,2952,1559,0,
P2_031,project2,P2_031_S01,2025-02-01T10:39:35,view,feedback_modal,n/a,1679,316,1,
P2_031,project2,P2_031_S01,2025-02-01T10:39:40,click,recommendation_card,,1823,1606,1,
P2_031,project2,P2_031_S01,2025-02-01T10:39:52,view,story_panel,liked,1343,436,1,
P2_031,project2,P2_031_S01,2025-02-01T10:40:26,click,feedback_modal,liked,538,435,1,
P2_031,project2,P2_031_S01,2025-02-01T10:40:36,view,recommendation_card,skipped,956,465,1,
P2_031,project2,P2_031_S01,2025-02-01T10:40:43,click,feedback_modal,edited,4434,1756,1,
P2_031,project2,P2_031_S01,2025-02-01T10:41:01,view,submit_button,liked,3634,978,1,
P2_031,project2,P2_031_S01,2025-02-01T10:41:17,click,feedback_modal,edited,4367,412,1,
P2_032,project2,P2_032_S01,2025-02-01T09:11:00,view,submit_button,skipped,4399,487,1,
P2_032,project2,P2_032_S01,2025-02-01T09:11:25,error,music_player,n/a,2448,969,1,
P2_032,project2,P2_032_S01,2025-02-01T09:11:42,ai_request,style_picker,edited,3217,335,1,
P2_032,project2,P2_032_S01,2025-02-01T09:11:47,ai_request,music_player,n/a,4984,907,1,
P2_032,project2,P2_032_S01,2025-02-01T09:12:23,ai_request,story_panel,liked,3816,442,1,
P2_032,project2,P2_032_S01,2025-02-01T09:12:50,click,submit_button,edited,3273,828,1,
P2_032,project2,P2_032_S01,2025-02-01T09:12:56,view,story_panel,liked,310,488,1,timeout
P2_032,project2,P2_032_S01,2025-02-01T09:13:28,view,submit_button,liked,4026,672,1,
P2_032,project2,P2_032_S01,2025-02-01T09:13:43,click,story_panel,skipped,799,1083,1,
P2_032,project2,P2_032_S01,2025-02-01T09:14:14,view,music_player,edited,4450,1531,1,
P2_033,project2,P2_033_S01,2025-02-01T10:50:00,ai_request,feedback_modal,,1917,1636,1,
P2_033,project2,P2_033_S01,2025-02-01T10:50:20,view,story_panel,n/a,3075,1030,1,
P2_033,project2,P2_033_S01,2025-02-01T10:50:53,click,style_picker,n/a,631,959,1,
P2_033,project2,P2_033_S01,2025-02-01T10:51:20,click,recommendation_card,liked,2116,714,1,
P2_033,project2,P2_033_S01,2025-02-01T10:51:41,click,story_panel,,461,1336,0,
P2_033,project2,P2_033_S01,2025-02-01T10:52:18,view,music_player,,3479,1334,1,
P2_033,project2,P2_033_S01,2025-02-01T10:52:40,ai_request,story_panel,skipped,1426,1067,1,
P2_033,project2,P2_033_S01,2025-02-01T10:53:18,view,feedback_modal,edited,3768,419,1,
P2_033,project2,P2_033_S01,2025-02-01T10:53:29,error,feedback_modal,,3896,372,1,
P2_033,project2,P2_033_S02,2025-02-01T09:13:00,view,feedback_modal,liked,2820,363,1,
P2_033,project2,P2_033_S02,2025-02-01T09:13:23,click,submit_button,edited,4130,814,1,
P2_033,project2,P2_033_S02,2025-02-01T09:13:35,ai_request,story_panel,,4729,1091,1,
P2_033,project2,P2_033_S02,2025-02-01T09:14:13,submit,recommendation_card,skipped,3618,1420,1,
P2_033,project2,P2_033_S02,2025-02-01T09:14:25,click,style_picker,liked,1741,1443,1,
P2_033,project2,P2_033_S02,2025-02-01T09:14:58,ai_response,recommendation_card,skipped,3678,504,0,
P2_033,project2,P2_033_S02,2025-02-01T09:15:36,view,music_player,skipped,255,265,0,
P2_033,project2,P2_033_S02,2025-02-01T09:16:07,click,style_picker,edited,4927,251,1,
P2_033,project2,P2_033_S02,2025-02-01T09:16:15,click,recommendation_card,skipped,1118,716,0,
P2_034,project2,P2_034_S01,2025-02-01T10:09:00,ai_response,story_panel,n/a,2308,1375,0,
P2_034,project2,P2_034_S01,2025-02-01T10:09:09,click,music_player,,2193,1450,1,
P2_034,project2,P2_034_S01,2025-02-01T10:09:33,submit,submit_button,skipped,3335,1441,1,
P2_034,project2,P2_034_S01,2025-02-01T10:09:52,submit,music_player,skipped,4935,1099,1,
P2_034,project2,P2_034_S01,2025-02-01T10:10:21,submit,feedback_modal,edited,936,1041,1,timeout
P2_034,project2,P2_034_S01,2025-02-01T10:10:35,view,style_picker,,4073,1182,1,
P2_034,project2,P2_034_S01,2025-02-01T10:10:51,ai_request,recommendation_card,liked,1827,1709,1,
P2_034,project2,P2_034_S01,2025-02-01T10:11:14,click,story_panel,n/a,3754,230,0,
P2_034,project2,P2_034_S01,2025-02-01T10:11:35,view,recommendation_card,liked,315,638,1,
P2_034,project2,P2_034_S01,2025-02-01T10:12:14,ai_request,story_panel,,3464,312,1,
P2_034,project2,P2_034_S01,2025-02-01T10:12:20,submit,feedback_modal,edited,878,1317,1,
P2_034,project2,P2_034_S01,2025-02-01T10:12:40,click,feedback_modal,n/a,4782,1250,1,
P2_034,project2,P2_034_S01,2025-02-01T10:13:13,ai_response,story_panel,,3740,245,1,
P2_034,project2,P2_034_S01,2025-02-01T10:13:36,ai_response,submit_button,,678,1319,1,
P2_035,project2,P2_035_S01,2025-02-01T09:20:00,view,style_picker,n/a,4303,1710,1,
P2_035,project2,P2_035_S01,2025-02-01T09:20:33,error,style_picker,skipped,194,1304,1,
P2_035,project2,P2_035_S01,2025-02-01T09:20:54,click,recommendation_card,skipped,2723,1169,1,
P2_035,project2,P2_035_S01,2025-02-01T09:21:10,ai_request,recommendation_card,n/a,797,813,1,
P2_035,project2,P2_035_S01,2025-02-01T09:21:20,ai_response,submit_button,skipped,4936,753,1,
P2_035,project2,P2_035_S01,2025-02-01T09:21:52,click,submit_button,liked,3895,1687,1,
P2_035,project2,P2_035_S01,2025-02-01T09:22:27,submit,story_panel,edited,453,1405,1,
P2_035,project2,P2_035_S01,2025-02-01T09:22:48,ai_response,story_panel,n/a,3569,430,1,
P2_035,project2,P2_035_S01,2025-02-01T09:23:28,submit,music_player,skipped,2427,1580,1,
P2_035,project2,P2_035_S01,2025-02-01T09:24:08,view,feedback_modal,skipped,3000,419,1,
P2_035,project2,P2_035_S01,2025-02-01T09:24:38,view,feedback_modal,,3554,1637,1,
P2_035,project2,P2_035_S01,2025-02-01T09:25:07,click,music_player,edited,3616,252,1,
P2_035,project2,P2_035_S01,2025-02-01T09:25:21,view,story_panel,liked,4694,892,1,
P2_035,project2,P2_035_S01,2025-02-01T09:25:48,click,music_player,skipped,2354,1311,1,
P2_036,project2,P2_036_S01,2025-02-01T10:08:00,click,submit_button,liked,436,1092,1,
P2_036,project2,P2_036_S01,2025-02-01T10:08:35,view,submit_button,skipped,4816,339,1,
P2_036,project2,P2_036_S01,2025-02-01T10:08:44,view,story_panel,liked,1025,1401,1,invalid_input
P2_036,project2,P2_036_S01,2025-02-01T10:09:04,click,submit_button,liked,1775,1663,1,
P2_036,project2,P2_036_S01,2025-02-01T10:09:39,ai_request,story_panel,edited,1628,709,0,
P2_036,project2,P2_036_S01,2025-02-01T10:10:19,click,recommendation_card,edited,279,539,1,timeout
P2_036,project2,P2_036_S01,2025-02-01T10:10:43,click,style_picker,,897,1078,1,
P2_036,project2,P2_036_S01,2025-02-01T10:11:00,submit,style_picker,,4746,1052,1,
P2_036,project2,P2_036_S01,2025-02-01T10:11:35,ai_response,feedback_modal,,4325,459,1,
P2_036,project2,P2_036_S01,2025-02-01T10:12:14,submit,submit_button,n/a,123,1020,1,
P2_036,project2,P2_036_S01,2025-02-01T10:12:25,view,recommendation_card,edited,3489,1258,1,
P2_036,project2,P2_036_S02,2025-02-01T10:47:00,submit,recommendation_card,skipped,2271,1318,1,
P2_036,project2,P2_036_S02,2025-02-01T10:47:20,submit,submit_button,skipped,4601,1101,1,
P2_036,project2,P2_036_S02,2025-02-01T10:47:44,submit,story_panel,edited,2887,1404,1,
P2_036,project2,P2_036_S02,2025-02-01T10:47:52,view,submit_button,liked,1579,319,1,
P2_036,project2,P2_036_S02,2025-02-01T10:48:20,view,recommendation_card,,2977,432,0,
P2_036,project2,P2_036_S02,2025-02-01T10:48:28,view,submit_button,n/a,4648,1008,1,
P2_036,project2,P2_036_S02,2025-02-01T10:48:59,error,feedback_modal,liked,919,1254,1,
P2_036,project2,P2_036_S02,2025-02-01T10:49:07,click,story_panel,,302,1416,1,
P2_036,project2,P2_036_S02,2025-02-01T10:49:20,view,submit_button,edited,1565,296,1,
P2_036,project2,P2_036_S02,2025-02-01T10:49:49,submit,style_picker,n/a,3662,1083,1,
P2_037,project2,P2_037_S01,2025-02-01T09:20:00,ai_request,style_picker,edited,3570,945,1,
P2_037,project2,P2_037_S01,2025-02-01T09:20:39,ai_response,submit_button,skipped,2627,1772,1,
P2_037,project2,P2_037_S01,2025-02-01T09:21:16,ai_request,story_panel,skipped,1171,696,1,
P2_037,project2,P2_037_S01,2025-02-01T09:21:46,ai_response,music_player,liked,3530,889,1,
P2_037,project2,P2_037_S01,2025-02-01T09:22:16,submit,submit_button,n/a,2942,668,1,
P2_037,project2,P2_037_S01,2025-02-01T09:22:48,view,music_player,,1532,511,1,timeout
P2_037,project2,P2_037_S01,2025-02-01T09:23:21,click,recommendation_card,skipped,2644,1021,1,
P2_037,project2,P2_037_S01,2025-02-01T09:23:30,click,story_panel,,1548,775,1,
P2_037,project2,P2_037_S02,2025-02-01T10:56:00,click,style_picker,n/a,4335,1509,1,
P2_037,project2,P2_037_S02,2025-02-01T10:56:39,view,recommendation_card,n/a,4329,1011,1,
P2_037,project2,P2_037_S02,2025-02-01T10:57:19,view,story_panel,liked,4833,1419,1,
P2_037,project2,P2_037_S02,2025-02-01T10:57:24,ai_response,style_picker,skipped,1205,1671,1,
P2_037,project2,P2_037_S02,2025-02-01T10:57:39,submit,recommendation_card,,1306,1695,1,
P2_037,project2,P2_037_S02,2025-02-01T10:57:57,click,music_player,skipped,2902,666,1,
P2_037,project2,P2_037_S02,2025-02-01T10:58:26,ai_response,submit_button,,3878,1334,1,
P2_037,project2,P2_037_S02,2025-02-01T10:58:41,click,style_picker,n/a,1532,834,1,
P2_037,project2,P2_037_S02,2025-02-01T10:59:00,click,style_picker,edited,2298,296,0,timeout
P2_037,project2,P2_037_S02,2025-02-01T10:59:21,click,style_picker,edited,3927,893,1,
P2_037,project2,P2_037_S02,2025-02-01T10:59:30,view,music_player,liked,3765,784,1,
P2_037,project2,P2_037_S02,2025-02-01T11:00:06,submit,submit_button,,3792,1097,1,
P2_037,project2,P2_037_S02,2025-02-01T11:00:24,view,style_picker,liked,4108,547,0,
P2_037,project2,P2_037_S02,2025-02-01T11:01:04,click,feedback_modal,liked,696,1172,1,
P2_038,project2,P2_038_S01,2025-02-01T10:42:00,view,recommendation_card,liked,441,722,1,
P2_038,project2,P2_038_S01,2025-02-01T10:42:07,click,music_player,edited,4567,1230,1,
P2_038,project2,P2_038_S01,2025-02-01T10:42:26,click,music_player,edited,196,273,1,
P2_038,project2,P2_038_S01,2025-02-01T10:42:37,click,feedback_modal,skipped,3708,1171,1,
P2_038,project2,P2_038_S01,2025-02-01T10:42:46,ai_request,style_picker,liked,2384,720,1,
P2_038,project2,P2_038_S01,2025-02-01T10:43:14,view,recommendation_card,,4455,630,1,
P2_038,project2,P2_038_S01,2025-02-01T10:43:23,click,submit_button,liked,3789,1642,1,
P2_038,project2,P2_038_S01,2025-02-01T10:43:48,view,submit_button,,1304,1299,1,
P2_038,project2,P2_038_S01,2025-02-01T10:44:09,ai_response,feedback_modal,skipped,4752,1386,1,
P2_038,project2,P2_038_S01,2025-02-01T10:44:46,ai_request,feedback_modal,n/a,599,826,1,
P2_038,project2,P2_038_S01,2025-02-01T10:44:59,ai_request,story_panel,edited,3781,1594,1,
P2_038,project2,P2_038_S01,2025-02-01T10:45:06,ai_request,feedback_modal,n/a,4527,1731,1,
P2_038,project2,P2_038_S01,2025-02-01T10:45:22,view,music_player,n/a,1954,1413,1,
P2_038,project2,P2_038_S01,2025-02-01T10:45:42,click,story_panel,liked,1023,1523,1,
P2_039,project2,P2_039_S01,2025-02-01T11:00:00,view,music_player,n/a,4316,301,1,
P2_039,project2,P2_039_S01,2025-02-01T11:00:18,view,story_panel,,1058,230,1,
P2_039,project2,P2_039_S01,2025-02-01T11:00:23,view,feedback_modal,n/a,3261,1144,1,
P2_039,project2,P2_039_S01,2025-02-01T11:00:29,click,feedback_modal,n/a,4672,1585,1,
P2_039,project2,P2_039_S01,2025-02-01T11:00:34,click,style_picker,liked,3152,985,1,
P2_039,project2,P2_039_S01,2025-02-01T11:00:54,ai_response,style_picker,edited,2098,1513,1,
P2_039,project2,P2_039_S01,2025-02-01T11:01:02,ai_request,style_picker,skipped,4608,1513,1,
P2_039,project2,P2_039_S01,2025-02-01T11:01:33,ai_response,submit_button,edited,900,271,0,
P2_039,project2,P2_039_S01,2025-02-01T11:01:39,click,recommendation_card,liked,128,957,1,
P2_039,project2,P2_039_S01,2025-02-01T11:02:05,ai_response,submit_button,skipped,3684,352,1,timeout
P2_039,project2,P2_039_S01,2025-02-01T11:02:12,click,feedback_modal,skipped,3557,750,0,
P2_039,project2,P2_039_S01,2025-02-01T11:02:42,ai_response,style_picker,,839,1641,1,invalid_input
P2_040,project2,P2_040_S01,2025-02-01T09:00:00,click,style_picker,,3367,1457,1,timeout
P2_040,project2,P2_040_S01,2025-02-01T09:00:22,ai_request,recommendation_card,,4382,1459,0,
P2_040,project2,P2_040_S01,2025-02-01T09:00:39,click,submit_button,liked,2510,1334,1,
P2_040,project2,P2_040_S01,2025-02-01T09:01:09,view,submit_button,skipped,226,1281,1,
P2_040,project2,P2_040_S01,2025-02-01T09:01:49,click,feedback_modal,n/a,1069,1167,1,
P2_040,project2,P2_040_S01,2025-02-01T09:02:25,ai_request,story_panel,edited,350,959,1,
P2_040,project2,P2_040_S01,2025-02-01T09:02:53,click,story_panel,n/a,3823,972,0,
P2_040,project2,P2_040_S01,2025-02-01T09:03:06,view,story_panel,liked,3635,1636,1,
P2_040,project2,P2_040_S01,2025-02-01T09:03:44,click,music_player,skipped,220,819,1,
P2_040,project2,P2_040_S01,2025-02-01T09:03:49,ai_request,submit_button,edited,1240,349,1,
P2_040,project2,P2_040_S01,2025-02-01T09:04:26,click,story_panel,skipped,4086,1135,1,
P2_040,project2,P2_040_S01,2025-02-01T09:04:39,click,recommendation_card,n/a,1614,352,0,
P2_040,project2,P2_040_S01,2025-02-01T09:05:19,view,story_panel,n/a,4951,1024,1,
P2_040,project2,P2_040_S01,2025-02-01T09:05:35,view,submit_button,skipped,2838,1249,1,
P2_040,project2,P2_040_S02,2025-02-01T10:32:00,click,music_player,,4634,909,1,
P2_040,project2,P2_040_S02,2025-02-01T10:32:07,click,submit_button,liked,123,1383,1,
P2_040,project2,P2_040_S02,2025-02-01T10:32:35,click,story_panel,n/a,247,1703,0,
P2_040,project2,P2_040_S02,2025-02-01T10:32:54,ai_response,style_picker,skipped,2353,308,1,
P2_040,project2,P2_040_S02,2025-02-01T10:33:07,view,recommendation_card,liked,4221,533,1,
P2_040,project2,P2_040_S02,2025-02-01T10:33:29,view,story_panel,skipped,4361,1535,1,
P2_040,project2,P2_040_S02,2025-02-01T10:33:45,view,style_picker,skipped,2069,384,1,
P2_040,project2,P2_040_S02,2025-02-01T10:34:14,ai_response,submit_button,edited,151,1186,0,
P2_040,project2,P2_040_S02,2025-02-01T10:34:54,submit,story_panel,,1051,1376,1,
P2_040,project2,P2_040_S02,2025-02-01T10:35:10,ai_request,story_panel,,2680,580,1,
P2_040,project2,P2_040_S02,2025-02-01T10:35:17,ai_request,music_player,skipped,536,1366,1,
P2_040,project2,P2_040_S02,2025-02-01T10:35:51,view,recommendation_card,n/a,2671,1593,0,timeout
P2_040,project2,P2_040_S02,2025-02-01T10:36:12,ai_response,feedback_modal,,4230,1375,1,
P2_041,project2,P2_041_S01,2025-02-01T09:29:00,submit,submit_button,n/a,3936,1046,1,
P2_041,project2,P2_041_S01,2025-02-01T09:29:31,click,submit_button,edited,2385,1167,1,
P2_041,project2,P2_041_S01,2025-02-01T09:29:41,ai_response,feedback_modal,n/a,1257,1171,1,
P2_041,project2,P2_041_S01,2025-02-01T09:30:20,view,feedback_modal,,390,728,1,
P2_041,project2,P2_041_S01,2025-02-01T09:31:00,submit,recommendation_card,liked,1600,340,1,
P2_041,project2,P2_041_S01,2025-02-01T09:31:28,click,submit_button,liked,2863,510,1,
P2_041,project2,P2_041_S01,2025-02-01T09:31:50,error,recommendation_card,,3616,1117,1,
P2_041,project2,P2_041_S01,2025-02-01T09:32:11,ai_response,submit_button,n/a,1699,1320,1,
P2_041,project2,P2_041_S01,2025-02-01T09:32:30,click,feedback_modal,edited,3425,482,1,
P2_041,project2,P2_041_S01,2025-02-01T09:32:38,click,recommendation_card,edited,510,1005,1,
P2_041,project2,P2_041_S01,2025-02-01T09:33:05,view,recommendation_card,liked,1787,1356,1,
P2_041,project2,P2_041_S01,2025-02-01T09:33:12,click,style_picker,edited,977,287,1,
P2_041,project2,P2_041_S01,2025-02-01T09:33:18,submit,submit_button,,2013,404,1,invalid_input
P2_041,project2,P2_041_S01,2025-02-01T09:33:52,ai_request,recommendation_card,,256,491,1,
P2_041,project2,P2_041_S02,2025-02-01T10:27:00,view,feedback_modal,liked,1477,1498,0,
P2_041,project2,P2_041_S02,2025-02-01T10:27:28,ai_response,style_picker,edited,781,1597,1,
P2_041,project2,P2_041_S02,2025-02-01T10:27:38,submit,music_player,skipped,2670,1358,1,timeout
P2_041,project2,P2_041_S02,2025-02-01T10:27:43,view,recommendation_card,,746,854,1,
P2_041,project2,P2_041_S02,2025-02-01T10:27:59,ai_response,style_picker,n/a,2226,1101,1,
P2_041,project2,P2_041_S02,2025-02-01T10:28:06,click,story_panel,skipped,918,1766,1,
P2_041,project2,P2_041_S02,2025-02-01T10:28:19,click,submit_button,,2998,1650,1,
P2_041,project2,P2_041_S02,2025-02-01T10:28:25,ai_response,feedback_modal,,494,219,1,
P2_041,project2,P2_041_S02,2025-02-01T10:28:43,ai_response,feedback_modal,,1765,1613,1,
P2_041,project2,P2_041_S02,2025-02-01T10:29:05,click,story_panel,liked,3609,293,1,
P2_041,project2,P2_041_S02,2025-02-01T10:29:28,view,submit_button,edited,868,653,1,
P2_042,project2,P2_042_S01,2025-02-01T09:44:00,ai_request,style_picker,n/a,2889,500,0,
P2_042,project2,P2_042_S01,2025-02-01T09:44:07,view,recommendation_card,n/a,4831,226,1,
P2_042,project2,P2_042_S01,2025-02-01T09:44:39,ai_response,submit_button,,703,1319,1,
P2_042,project2,P2_042_S01,2025-02-01T09:45:00,view,feedback_modal,liked,4023,1225,1,
P2_042,project2,P2_042_S01,2025-02-01T09:45:18,submit,submit_button,edited,2612,1389,1,invalid_input
P2_042,project2,P2_042_S01,2025-02-01T09:45:37,view,recommendation_card,skipped,3855,972,1,
P2_042,project2,P2_042_S01,2025-02-01T09:46:03,click,music_player,liked,2950,222,0,
P2_042,project2,P2_042_S01,2025-02-01T09:46:32,click,music_player,skipped,1604,785,1,
P2_042,project2,P2_042_S01,2025-02-01T09:46:48,click,feedback_modal,liked,4791,1638,1,
P2_042,project2,P2_042_S01,2025-02-01T09:47:07,click,story_panel,,224,1709,1,
P2_042,project2,P2_042_S01,2025-02-01T09:47:38,ai_request,story_panel,edited,2101,211,1,timeout
P2_042,project2,P2_042_S01,2025-02-01T09:48:18,ai_response,submit_button,edited,2090,228,1,timeout
P2_042,project2,P2_042_S01,2025-02-01T09:48:28,click,recommendation_card,liked,1214,1462,1,
P2_042,project2,P2_042_S01,2025-02-01T09:48:54,ai_response,recommendation_card,edited,4708,1339,1,
P2_042,project2,P2_042_S02,2025-02-01T10:49:00,ai_response,story_panel,liked,4961,1709,1,
P2_042,project2,P2_042_S02,2025-02-01T10:49:15,click,music_player,liked,3533,1574,1,
P2_042,project2,P2_042_S02,2025-02-01T10:49:20,ai_response,music_player,skipped,3131,924,1,
P2_042,project2,P2_042_S02,2025-02-01T10:49:54,error,story_panel,n/a,1132,202,1,
P2_042,project2,P2_042_S02,2025-02-01T10:50:21,ai_request,music_player,n/a,150,570,1,
P2_042,project2,P2_042_S02,2025-02-01T10:50:36,view,submit_button,liked,653,922,1,
P2_042,project2,P2_042_S02,2025-02-01T10:50:48,click,recommendation_card,,3098,1358,0,
P2_042,project2,P2_042_S02,2025-02-01T10:51:00,click,music_player,n/a,3142,880,1,
P2_042,project2,P2_042_S02,2025-02-01T10:51:25,click,recommendation_card,skipped,1471,1641,1,
P2_042,project2,P2_042_S02,2025-02-01T10:52:03,view,story_panel,edited,2036,1180,1,
P2_042,project2,P2_042_S02,2025-02-01T10:52:21,view,recommendation_card,n/a,1366,1241,1,
P2_042,project2,P2_042_S02,2025-02-01T10:52:37,ai_request,style_picker,edited,2647,309,1,invalid_input
P2_043,project2,P2_043_S01,2025-02-01T10:32:00,click,story_panel,,1555,1328,1,
P2_043,project2,P2_043_S01,2025-02-01T10:32:13,submit,music_player,liked,1373,321,1,
P2_043,project2,P2_043_S01,2025-02-01T10:32:49,error,feedback_modal,liked,1178,1734,1,
P2_043,project2,P2_043_S01,2025-02-01T10:32:58,click,style_picker,n/a,1707,1635,0,
P2_043,project2,P2_043_S01,2025-02-01T10:33:03,view,feedback_modal,liked,515,767,1,
P2_043,project2,P2_043_S01,2025-02-01T10:33:22,ai_response,music_player,skipped,4179,935,1,
P2_043,project2,P2_043_S01,2025-02-01T10:33:33,view,feedback_modal,liked,439,1790,1,
P2_043,project2,P2_043_S01,2025-02-01T10:34:04,click,story_panel,skipped,2176,1010,1,
P2_043,project2,P2_043_S01,2025-02-01T10:34:12,click,submit_button,liked,3704,1135,1,
P2_043,project2,P2_043_S01,2025-02-01T10:34:23,submit,music_player,liked,681,1600,0,
P2_043,project2,P2_043_S01,2025-02-01T10:34:33,click,feedback_modal,,3947,811,1,
P2_043,project2,P2_043_S01,2025-02-01T10:34:48,click,submit_button,liked,1077,259,1,
P2_043,project2,P2_043_S01,2025-02-01T10:35:27,ai_request,story_panel,n/a,3271,1002,1,
P2_043,project2,P2_043_S01,2025-02-01T10:35:44,ai_response,recommendation_card,skipped,214,1226,0,
P2_044,project2,P2_044_S01,2025-02-01T10:47:00,click,story_panel,skipped,2015,1634,1,
P2_044,project2,P2_044_S01,2025-02-01T10:47:37,ai_request,style_picker,edited,595,820,1,
P2_044,project2,P2_044_S01,2025-02-01T10:47:58,click,story_panel,skipped,3634,1001,1,
P2_044,project2,P2_044_S01,2025-02-01T10:48:15,ai_request,submit_button,skipped,2916,217,1,
P2_044,project2,P2_044_S01,2025-02-01T10:48:30,click,music_player,liked,3256,475,1,
P2_044,project2,P2_044_S01,2025-02-01T10:48:40,view,music_player,edited,1873,1041,1,timeout
P2_044,project2,P2_044_S01,2025-02-01T10:49:06,ai_response,submit_button,edited,2283,1579,1,
P2_044,project2,P2_044_S01,2025-02-01T10:49:43,submit,story_panel,n/a,4138,1416,1,
P2_044,project2,P2_044_S01,2025-02-01T10:50:14,view,music_player,edited,793,1547,1,
P2_044,project2,P2_044_S01,2025-02-01T10:50:35,view,submit_button,edited,2061,474,1,timeout
P2_044,project2,P2_044_S01,2025-02-01T10:50:58,ai_response,music_player,edited,571,946,1,
P2_044,project2,P2_044_S02,2025-02-01T09:25:00,view,feedback_modal,liked,735,361,1,
P2_044,project2,P2_044_S02,2025-02-01T09:25:38,click,story_panel,edited,2287,957,1,
P2_044,project2,P2_044_S02,2025-02-01T09:26:07,ai_response,submit_button,edited,4190,877,1,
P2_044,project2,P2_044_S02,2025-02-01T09:26:29,ai_request,feedback_modal,edited,1733,938,1,
P2_044,project2,P2_044_S02,2025-02-01T09:27:04,error,style_picker,skipped,3267,1691,1,
P2_044,project2,P2_044_S02,2025-02-01T09:27:13,click,style_picker,liked,747,562,1,
P2_044,project2,P2_044_S02,2025-02-01T09:27:52,submit,story_panel,n/a,2820,1466,1,
P2_044,project2,P2_044_S02,2025-02-01T09:28:02,ai_request,music_player,skipped,4981,492,1,timeout
P2_044,project2,P2_044_S02,2025-02-01T09:28:31,click,recommendation_card,liked,1024,690,0,
P2_044,project2,P2_044_S02,2025-02-01T09:28:53,view,style_picker,n/a,1072,744,1,
P2_044,project2,P2_044_S02,2025-02-01T09:29:16,view,feedback_modal,edited,4560,1395,1,
P2_044,project2,P2_044_S02,2025-02-01T09:29:31,ai_response,story_panel,edited,2694,832,1,
P2_044,project2,P2_044_S02,2025-02-01T09:30:04,click,music_player,skipped,1951,413,1,
P2_044,project2,P2_044_S02,2025-02-01T09:30:10,view,feedback_modal,,4160,1287,1,timeout
P2_045,project2,P2_045_S01,2025-02-01T09:10:00,ai_request,recommendation_card,,4662,775,1,
P2_045,project2,P2_045_S01,2025-02-01T09:10:22,ai_request,music_player,skipped,4240,1143,1,
P2_045,project2,P2_045_S01,2025-02-01T09:10:58,view,recommendation_card,liked,1440,1527,1,
P2_045,project2,P2_045_S01,2025-02-01T09:11:36,click,style_picker,liked,1923,1110,1,
P2_045,project2,P2_045_S01,2025-02-01T09:12:08,click,style_picker,skipped,1642,599,1,
P2_045,project2,P2_045_S01,2025-02-01T09:12:16,submit,story_panel,edited,1349,1099,1,
P2_045,project2,P2_045_S01,2025-02-01T09:12:44,click,submit_button,,397,251,1,
P2_045,project2,P2_045_S01,2025-02-01T09:13:00,ai_request,story_panel,edited,1626,854,1,
P2_045,project2,P2_045_S01,2025-02-01T09:13:17,view,story_panel,n/a,2566,664,1,
P2_045,project2,P2_045_S01,2025-02-01T09:13:29,ai_request,music_player,skipped,4434,1485,1,
P2_046,project2,P2_046_S01,2025-02-01T09:25:00,view,submit_button,edited,2975,1652,1,
P2_046,project2,P2_046_S01,2025-02-01T09:25:16,ai_response,story_panel,n/a,1627,1378,1,
P2_046,project2,P2_046_S01,2025-02-01T09:25:36,click,feedback_modal,edited,2985,1550,1,timeout
P2_046,project2,P2_046_S01,2025-02-01T09:25:50,view,feedback_modal,skipped,1958,1632,1,
P2_046,project2,P2_046_S01,2025-02-01T09:26:06,view,style_picker,skipped,1919,925,1,
P2_046,project2,P2_046_S01,2025-02-01T09:26:38,view,style_picker,,3946,1013,0,
P2_046,project2,P2_046_S01,2025-02-01T09:27:12,view,music_player,skipped,4178,447,1,
P2_046,project2,P2_046_S01,2025-02-01T09:27:29,click,story_panel,,4125,455,1,
P2_047,project2,P2_047_S01,2025-02-01T10:54:00,submit,feedback_modal,liked,834,1209,1,
P2_047,project2,P2_047_S01,2025-02-01T10:54:32,ai_response,style_picker,n/a,2215,1796,1,
P2_047,project2,P2_047_S01,2025-02-01T10:55:05,ai_request,music_player,liked,1818,643,1,invalid_input
P2_047,project2,P2_047_S01,2025-02-01T10:55:19,ai_response,feedback_modal,n/a,238,1499,1,
P2_047,project2,P2_047_S01,2025-02-01T10:55:40,error,style_picker,n/a,4737,515,1,
P2_047,project2,P2_047_S01,2025-02-01T10:55:56,view,style_picker,skipped,568,972,1,
P2_047,project2,P2_047_S01,2025-02-01T10:56:22,view,feedback_modal,,3291,696,1,
P2_047,project2,P2_047_S01,2025-02-01T10:56:57,ai_response,music_player,,1039,1288,0,
P2_047,project2,P2_047_S01,2025-02-01T10:57:33,view,music_player,,4077,1570,1,
P2_047,project2,P2_047_S01,2025-02-01T10:57:57,ai_request,feedback_modal,n/a,2753,504,0,
P2_047,project2,P2_047_S01,2025-02-01T10:58:16,ai_request,music_player,skipped,569,1241,1,
P2_047,project2,P2_047_S01,2025-02-01T10:58:35,click,feedback_modal,skipped,3093,990,0,
P2_048,project2,P2_048_S01,2025-02-01T09:46:00,view,story_panel,liked,651,954,0,invalid_input
P2_048,project2,P2_048_S01,2025-02-01T09:46:22,view,submit_button,edited,2802,1077,1,
P2_048,project2,P2_048_S01,2025-02-01T09:46:32,click,recommendation_card,n/a,1832,1410,1,
P2_048,project2,P2_048_S01,2025-02-01T09:46:59,ai_request,story_panel,skipped,104,480,0,
P2_048,project2,P2_048_S01,2025-02-01T09:47:14,submit,story_panel,n/a,4164,396,1,
P2_048,project2,P2_048_S01,2025-02-01T09:47:28,click,music_player,n/a,2095,1739,1,timeout
P2_048,project2,P2_048_S01,2025-02-01T09:47:58,click,submit_button,skipped,3425,274,1,
P2_048,project2,P2_048_S01,2025-02-01T09:48:16,view,recommendation_card,skipped,4063,673,0,
P2_048,project2,P2_048_S01,2025-02-01T09:48:32,view,feedback_modal,skipped,331,1142,1,
P2_048,project2,P2_048_S01,2025-02-01T09:49:10,click,recommendation_card,n/a,3543,921,1,
P2_049,project2,P2_049_S01,2025-02-01T09:25:00,submit,feedback_modal,skipped,2793,832,1,timeout
P2_049,project2,P2_049_S01,2025-02-01T09:25:26,view,story_panel,liked,474,524,1,
P2_049,project2,P2_049_S01,2025-02-01T09:25:32,ai_request,recommendation_card,skipped,2330,779,1,
P2_049,project2,P2_049_S01,2025-02-01T09:25:55,click,feedback_modal,,109,487,1,
P2_049,project2,P2_049_S01,2025-02-01T09:26:25,click,submit_button,skipped,4166,1021,1,
P2_049,project2,P2_049_S01,2025-02-01T09:26:58,ai_response,story_panel,skipped,1749,989,1,
P2_049,project2,P2_049_S01,2025-02-01T09:27:05,view,style_picker,,288,1032,1,
P2_049,project2,P2_049_S01,2025-02-01T09:27:24,click,story_panel,n/a,3263,757,1,
P2_049,project2,P2_049_S02,2025-02-01T09:56:00,view,feedback_modal,n/a,3033,481,1,
P2_049,project2,P2_049_S02,2025-02-01T09:56:25,view,feedback_modal,edited,4962,1154,1,
P2_049,project2,P2_049_S02,2025-02-01T09:56:52,view,submit_button,liked,3890,1046,1,
P2_049,project2,P2_049_S02,2025-02-01T09:57:12,error,style_picker,n/a,2475,1274,1,
P2_049,project2,P2_049_S02,2025-02-01T09:57:38,submit,style_picker,edited,3491,1546,1,
P2_049,project2,P2_049_S02,2025-02-01T09:58:04,ai_request,style_picker,liked,2618,1652,1,
P2_049,project2,P2_049_S02,2025-02-01T09:58:28,submit,recommendation_card,n/a,4925,700,1,
P2_049,project2,P2_049_S02,2025-02-01T09:58:49,view,recommendation_card,edited,1954,1377,1,
P2_050,project2,P2_050_S01,2025-02-01T10:07:00,submit,feedback_modal,n/a,1503,499,1,
P2_050,project2,P2_050_S01,2025-02-01T10:07:37,click,submit_button,skipped,1890,1378,1,
P2_050,project2,P2_050_S01,2025-02-01T10:08:15,click,style_picker,,2141,522,1,
P2_050,project2,P2_050_S01,2025-02-01T10:08:48,view,feedback_modal,liked,1043,1180,1,
P2_050,project2,P2_050_S01,2025-02-01T10:09:12,ai_response,submit_button,edited,1678,787,1,
P2_050,project2,P2_050_S01,2025-02-01T10:09:40,click,submit_button,liked,1129,276,1,
P2_050,project2,P2_050_S01,2025-02-01T10:10:02,click,style_picker,skipped,625,503,1,
P2_050,project2,P2_050_S01,2025-02-01T10:10:10,ai_request,music_player,edited,973,479,1,
P2_050,project2,P2_050_S01,2025-02-01T10:10:44,click,recommendation_card,edited,4431,1647,1,
P2_050,project2,P2_050_S01,2025-02-01T10:11:10,submit,recommendation_card,,4649,1081,1,
P2_050,project2,P2_050_S01,2025-02-01T10:11:28,ai_response,style_picker,edited,4626,811,1,
P2_050,project2,P2_050_S01,2025-02-01T10:11:58,click,story_panel,,1925,1310,1,
P2_050,project2,P2_050_S01,2025-02-01T10:12:16,view,music_player,liked,3437,522,1,
P2_050,project2,P2_050_S01,2025-02-01T10:12:23,ai_response,music_player,edited,3847,799,1,
P2_051,project2,P2_051_S01,2025-02-01T09:38:00,submit,feedback_modal,n/a,3505,1233,1,
P2_051,project2,P2_051_S01,2025-02-01T09:38:30,ai_request,submit_button,,367,1330,1,invalid_input
P2_051,project2,P2_051_S01,2025-02-01T09:38:55,ai_request,music_player,n/a,2398,981,1,timeout
P2_051,project2,P2_051_S01,2025-02-01T09:39:09,ai_response,feedback_modal,,4091,1097,1,
P2_051,project2,P2_051_S01,2025-02-01T09:39:30,view,story_panel,edited,1802,852,0,
P2_051,project2,P2_051_S01,2025-02-01T09:39:58,ai_response,music_player,liked,4680,1448,1,
P2_051,project2,P2_051_S01,2025-02-01T09:40:24,view,style_picker,liked,1729,611,1,invalid_input
P2_051,project2,P2_051_S01,2025-02-01T09:40:43,view,story_panel,liked,2804,1021,1,
P2_051,project2,P2_051_S01,2025-02-01T09:41:01,ai_response,music_player,,1897,604,1,
P2_052,project2,P2_052_S01,2025-02-01T10:25:00,ai_request,style_picker,,3684,1074,1,
P2_052,project2,P2_052_S01,2025-02-01T10:25:27,ai_request,style_picker,liked,564,555,1,
P2_052,project2,P2_052_S01,2025-02-01T10:25:35,view,music_player,liked,4865,1338,1,
P2_052,project2,P2_052_S01,2025-02-01T10:25:50,view,music_player,edited,1179,295,1,
P2_052,project2,P2_052_S01,2025-02-01T10:25:59,ai_response,submit_button,,844,1130,1,timeout
P2_052,project2,P2_052_S01,2025-02-01T10:26:12,view,style_picker,,3699,1679,1,
P2_052,project2,P2_052_S01,2025-02-01T10:26:51,click,story_panel,skipped,4156,857,1,
P2_052,project2,P2_052_S01,2025-02-01T10:27:07,ai_response,story_panel,skipped,3047,1510,1,
P2_052,project2,P2_052_S01,2025-02-01T10:27:40,view,feedback_modal,skipped,1315,895,1,timeout
P2_052,project2,P2_052_S01,2025-02-01T10:27:56,view,submit_button,,4891,1609,1,
P2_052,project2,P2_052_S01,2025-02-01T10:28:35,view,style_picker,n/a,1307,706,1,
P2_053,project2,P2_053_S01,2025-02-01T10:41:00,view,story_panel,,486,444,1,timeout
P2_053,project2,P2_053_S01,2025-02-01T10:41:07,view,style_picker,n/a,3507,1721,1,
P2_053,project2,P2_053_S01,2025-02-01T10:41:16,click,story_panel,skipped,2486,1620,0,
P2_053,project2,P2_053_S01,2025-02-01T10:41:35,click,style_picker,,4914,1468,1,
P2_053,project2,P2_053_S01,2025-02-01T10:41:51,click,feedback_modal,,4146,408,1,
P2_053,project2,P2_053_S01,2025-02-01T10:42:27,ai_response,feedback_modal,edited,2146,651,1,
P2_053,project2,P2_053_S01,2025-02-01T10:42:33,click,style_picker,liked,1282,431,1,
P2_053,project2,P2_053_S01,2025-02-01T10:42:58,submit,style_picker,n/a,3233,593,1,
P2_053,project2,P2_053_S01,2025-02-01T10:43:03,submit,music_player,liked,2474,802,1,
P2_054,project2,P2_054_S01,2025-02-01T10:04:00,click,submit_button,n/a,4852,877,0,
P2_054,project2,P2_054_S01,2025-02-01T10:04:15,view,style_picker,n/a,3192,1768,1,
P2_054,project2,P2_054_S01,2025-02-01T10:04:40,view,feedback_modal,skipped,4170,727,1,timeout
P2_054,project2,P2_054_S01,2025-02-01T10:05:10,click,feedback_modal,liked,1410,1424,1,
P2_054,project2,P2_054_S01,2025-02-01T10:05:32,view,recommendation_card,skipped,2712,549,1,
P2_054,project2,P2_054_S01,2025-02-01T10:05:46,view,story_panel,skipped,2961,1311,0,
P2_054,project2,P2_054_S01,2025-02-01T10:05:59,view,style_picker,n/a,1391,509,1,
P2_054,project2,P2_054_S01,2025-02-01T10:06:24,ai_response,recommendation_card,liked,444,510,1,
P2_054,project2,P2_054_S01,2025-02-01T10:06:54,view,music_player,skipped,1362,1522,1,
P2_054,project2,P2_054_S01,2025-02-01T10:07:17,submit,music_player,,3634,972,0,
P2_054,project2,P2_054_S01,2025-02-01T10:07:54,view,feedback_modal,n/a,2882,398,1,
P2_054,project2,P2_054_S01,2025-02-01T10:08:13,submit,story_panel,,2333,1375,1,
P2_054,project2,P2_054_S01,2025-02-01T10:08:28,view,feedback_modal,,1548,510,0,
P2_054,project2,P2_054_S01,2025-02-01T10:08:37,click,style_picker,n/a,1022,1656,1,
P2_054,project2,P2_054_S02,2025-02-01T10:09:00,click,recommendation_card,edited,169,412,1,
P2_054,project2,P2_054_S02,2025-02-01T10:09:25,view,submit_button,,3290,833,1,
P2_054,project2,P2_054_S02,2025-02-01T10:09:30,view,recommendation_card,liked,4769,1229,1,
P2_054,project2,P2_054_S02,2025-02-01T10:10:08,click,style_picker,n/a,2781,1789,1,
P2_054,project2,P2_054_S02,2025-02-01T10:10:38,view,recommendation_card,edited,1072,1420,1,
P2_054,project2,P2_054_S02,2025-02-01T10:11:01,submit,story_panel,n/a,1254,1664,1,
P2_054,project2,P2_054_S02,2025-02-01T10:11:17,view,music_player,,2603,1613,0,
P2_054,project2,P2_054_S02,2025-02-01T10:11:38,click,story_panel,edited,4078,1246,1,
P2_054,project2,P2_054_S02,2025-02-01T10:11:50,view,submit_button,skipped,1356,1757,1,
P2_054,project2,P2_054_S02,2025-02-01T10:12:12,click,submit_button,,1417,1252,1,
P2_054,project2,P2_054_S02,2025-02-01T10:12:52,view,music_player,skipped,3559,1039,0,
P2_055,project2,P2_055_S01,2025-02-01T09:07:00,click,music_player,liked,4517,889,1,
P2_055,project2,P2_055_S01,2025-02-01T09:07:11,view,feedback_modal,,2775,567,1,
P2_055,project2,P2_055_S01,2025-02-01T09:07:31,click,story_panel,edited,4631,1611,1,
P2_055,project2,P2_055_S01,2025-02-01T09:07:46,submit,submit_button,n/a,611,322,1,
P2_055,project2,P2_055_S01,2025-02-01T09:08:18,view,recommendation_card,skipped,2099,665,1,
P2_055,project2,P2_055_S01,2025-02-01T09:08:36,ai_response,submit_button,n/a,3256,1578,1,timeout
P2_055,project2,P2_055_S01,2025-02-01T09:08:54,ai_request,recommendation_card,,4242,888,1,
P2_055,project2,P2_055_S01,2025-02-01T09:09:33,ai_response,recommendation_card,liked,3357,1131,1,
P2_056,project2,P2_056_S01,2025-02-01T09:00:00,view,feedback_modal,n/a,1384,611,1,
P2_056,project2,P2_056_S01,2025-02-01T09:00:14,view,submit_button,n/a,1933,915,1,
P2_056,project2,P2_056_S01,2025-02-01T09:00:23,click,style_picker,,3426,1187,1,
P2_056,project2,P2_056_S01,2025-02-01T09:00:30,click,feedback_modal,edited,4867,542,0,
P2_056,project2,P2_056_S01,2025-02-01T09:01:09,click,feedback_modal,edited,2126,1777,0,
P2_056,project2,P2_056_S01,2025-02-01T09:01:42,ai_response,story_panel,skipped,4221,1622,1,timeout
P2_056,project2,P2_056_S01,2025-02-01T09:02:13,click,submit_button,liked,4532,1618,1,
P2_056,project2,P2_056_S01,2025-02-01T09:02:29,ai_request,story_panel,liked,3301,971,1,timeout
P2_057,project2,P2_057_S01,2025-02-01T10:37:00,submit,style_picker,n/a,871,483,1,
P2_057,project2,P2_057_S01,2025-02-01T10:37:37,click,music_player,edited,2771,657,1,
P2_057,project2,P2_057_S01,2025-02-01T10:37:42,ai_request,feedback_modal,edited,1218,1386,1,
P2_057,project2,P2_057_S01,2025-02-01T10:38:04,submit,music_player,n/a,3475,1066,1,invalid_input
P2_057,project2,P2_057_S01,2025-02-01T10:38:13,ai_request,submit_button,n/a,3346,1192,0,
P2_057,project2,P2_057_S01,2025-02-01T10:38:47,click,feedback_modal,skipped,2188,1345,1,
P2_057,project2,P2_057_S01,2025-02-01T10:39:10,click,story_panel,n/a,1685,1445,1,
P2_057,project2,P2_057_S01,2025-02-01T10:39:22,click,music_player,edited,3854,1262,1,
P2_057,project2,P2_057_S01,2025-02-01T10:39:52,ai_request,submit_button,n/a,975,979,1,
P2_057,project2,P2_057_S02,2025-02-01T09:33:00,click,submit_button,liked,4316,1007,1,
P2_057,project2,P2_057_S02,2025-02-01T09:33:15,view,story_panel,liked,3364,485,1,
P2_057,project2,P2_057_S02,2025-02-01T09:33:45,view,submit_button,,248,1314,1,
P2_057,project2,P2_057_S02,2025-02-01T09:34:06,click,story_panel,liked,104,1339,1,
P2_057,project2,P2_057_S02,2025-02-01T09:34:23,ai_response,story_panel,edited,4052,824,1,
P2_057,project2,P2_057_S02,2025-02-01T09:34:43,submit,feedback_modal,skipped,2245,1722,1,
P2_057,project2,P2_057_S02,2025-02-01T09:35:14,error,music_player,,1323,1115,1,timeout
P2_057,project2,P2_057_S02,2025-02-01T09:35:22,view,story_panel,edited,3297,1756,1,
P2_057,project2,P2_057_S02,2025-02-01T09:35:49,submit,story_panel,edited,3273,799,0,
P2_057,project2,P2_057_S02,2025-02-01T09:36:06,ai_request,submit_button,edited,3638,1119,1,
P2_058,project2,P2_058_S01,2025-02-01T10:23:00,click,music_player,skipped,386,263,1,
P2_058,project2,P2_058_S01,2025-02-01T10:23:32,click,feedback_modal,,489,672,1,
P2_058,project2,P2_058_S01,2025-02-01T10:23:53,view,submit_button,,3322,1191,1,
P2_058,project2,P2_058_S01,2025-02-01T10:24:25,click,recommendation_card,edited,1450,816,1,
P2_058,project2,P2_058_S01,2025-02-01T10:24:38,view,style_picker,n/a,4993,1093,1,
P2_058,project2,P2_058_S01,2025-02-01T10:25:10,ai_request,music_player,liked,1123,1447,0,
P2_058,project2,P2_058_S01,2025-02-01T10:25:33,click,story_panel,edited,4187,829,1,
P2_058,project2,P2_058_S01,2025-02-01T10:26:12,view,style_picker,edited,4992,656,1,
P2_059,project2,P2_059_S01,2025-02-01T10:08:00,click,recommendation_card,,1223,788,1,
P2_059,project2,P2_059_S01,2025-02-01T10:08:11,view,submit_button,,127,1717,1,
P2_059,project2,P2_059_S01,2025-02-01T10:08:27,ai_response,story_panel,skipped,2040,1794,1,
P2_059,project2,P2_059_S01,2025-02-01T10:09:01,click,recommendation_card,edited,4491,1515,1,
P2_059,project2,P2_059_S01,2025-02-01T10:09:28,click,feedback_modal,edited,4639,865,1,
P2_059,project2,P2_059_S01,2025-02-01T10:09:52,view,style_picker,liked,2661,407,1,invalid_input
P2_059,project2,P2_059_S01,2025-02-01T10:10:17,click,submit_button,,3775,336,0,timeout
P2_059,project2,P2_059_S01,2025-02-01T10:10:55,ai_response,story_panel,edited,2627,1427,0,
P2_059,project2,P2_059_S01,2025-02-01T10:11:19,view,music_player,edited,1859,930,1,
P2_060,project2,P2_060_S01,2025-02-01T09:14:00,ai_request,recommendation_card,,3019,1389,1,
P2_060,project2,P2_060_S01,2025-02-01T09:14:34,view,style_picker,n/a,1764,275,1,
P2_060,project2,P2_060_S01,2025-02-01T09:15:13,view,music_player,,4440,645,1,
P2_060,project2,P2_060_S01,2025-02-01T09:15:22,submit,music_player,n/a,1592,1074,1,
P2_060,project2,P2_060_S01,2025-02-01T09:15:59,click,music_player,n/a,659,922,1,
P2_060,project2,P2_060_S01,2025-02-01T09:16:34,view,style_picker,n/a,3661,576,1,
P2_060,project2,P2_060_S01,2025-02-01T09:16:50,view,feedback_modal,edited,3447,869,1,
P2_060,project2,P2_060_S01,2025-02-01T09:17:15,ai_request,recommendation_card,n/a,509,407,1,
P2_060,project2,P2_060_S01,2025-02-01T09:17:42,click,recommendation_card,liked,2496,771,1,
P2_060,project2,P2_060_S01,2025-02-01T09:18:17,click,recommendation_card,liked,4953,1014,1,
P2_060,project2,P2_060_S01,2025-02-01T09:18:41,view,recommendation_card,liked,4914,1438,1,
P2_060,project2,P2_060_S01,2025-02-01T09:19:13,view,style_picker,,4913,1377,1,
P2_060,project2,P2_060_S01,2025-02-01T09:19:20,view,submit_button,n/a,4639,896,1,
P2_060,project2,P2_060_S01,2025-02-01T09:19:59,ai_response,feedback_modal,edited,1441,394,1,
P2_060,project2,P2_060_S02,2025-02-01T10:24:00,view,style_picker,liked,2515,998,1,timeout
P2_060,project2,P2_060_S02,2025-02-01T10:24:38,view,feedback_modal,n/a,3850,1393,1,
P2_060,project2,P2_060_S02,2025-02-01T10:25:06,ai_request,recommendation_card,edited,4777,913,1,
P2_060,project2,P2_060_S02,2025-02-01T10:25:44,ai_request,submit_button,,1567,493,0,
P2_060,project2,P2_060_S02,2025-02-01T10:26:18,ai_request,submit_button,,1227,812,1,
P2_060,project2,P2_060_S02,2025-02-01T10:26:51,ai_response,recommendation_card,,2788,1737,1,
P2_060,project2,P2_060_S02,2025-02-01T10:27:12,ai_response,story_panel,edited,1788,1071,1,
P2_060,project2,P2_060_S02,2025-02-01T10:27:50,error,submit_button,,779,573,1,
P2_060,project2,P2_060_S02,2025-02-01T10:28:08,click,style_picker,skipped,4493,433,1,
P2_060,project2,P2_060_S02,2025-02-01T10:28:44,ai_request,story_panel,edited,2857,1380,0,
P2_060,project2,P2_060_S02,2025-02-01T10:28:59,ai_request,recommendation_card,skipped,4827,296,1,
P2_060,project2,P2_060_S02,2025-02-01T10:29:31,ai_response,submit_button,liked,1910,965,0,
P2_061,project2,P2_061_S01,2025-02-01T10:36:00,click,feedback_modal,,2708,599,1,
P2_061,project2,P2_061_S01,2025-02-01T10:36:12,view,music_player,n/a,753,221,1,
P2_061,project2,P2_061_S01,2025-02-01T10:36:25,ai_response,recommendation_card,edited,1201,1523,1,
P2_061,project2,P2_061_S01,2025-02-01T10:36:45,ai_request,story_panel,n/a,583,1613,1,
P2_061,project2,P2_061_S01,2025-02-01T10:36:56,ai_response,feedback_modal,,449,780,1,
P2_061,project2,P2_061_S01,2025-02-01T10:37:20,view,recommendation_card,liked,3380,342,1,timeout
P2_061,project2,P2_061_S01,2025-02-01T10:37:58,click,recommendation_card,skipped,1245,1100,0,
P2_061,project2,P2_061_S01,2025-02-01T10:38:35,ai_request,recommendation_card,n/a,2109,628,1,
P2_061,project2,P2_061_S01,2025-02-01T10:38:43,ai_request,feedback_modal,edited,4560,858,1,invalid_input
P2_061,project2,P2_061_S01,2025-02-01T10:39:15,view,feedback_modal,edited,3789,1563,1,
P2_061,project2,P2_061_S01,2025-02-01T10:39:44,ai_request,music_player,n/a,4092,1363,1,
P2_061,project2,P2_061_S01,2025-02-01T10:39:56,view,style_picker,liked,3318,1590,1,
P2_061,project2,P2_061_S01,2025-02-01T10:40:33,ai_response,recommendation_card,skipped,1588,1135,0,
P2_062,project2,P2_062_S01,2025-02-01T09:52:00,click,music_player,edited,1550,1267,0,
P2_062,project2,P2_062_S01,2025-02-01T09:52:21,view,feedback_modal,skipped,727,271,1,
P2_062,project2,P2_062_S01,2025-02-01T09:52:55,ai_response,style_picker,liked,2842,1296,1,
P2_062,project2,P2_062_S01,2025-02-01T09:53:19,click,style_picker,,3158,454,0,
P2_062,project2,P2_062_S01,2025-02-01T09:53:58,view,recommendation_card,liked,167,740,1,
P2_062,project2,P2_062_S01,2025-02-01T09:54:30,view,submit_button,,2256,1497,1,
P2_062,project2,P2_062_S01,2025-02-01T09:54:42,click,submit_button,liked,4949,849,1,timeout
P2_062,project2,P2_062_S01,2025-02-01T09:55:13,click,story_panel,skipped,4157,1023,1,
P2_062,project2,P2_062_S02,2025-02-01T10:12:00,view,submit_button,edited,4270,1130,1,
P2_062,project2,P2_062_S02,2025-02-01T10:12:27,view,feedback_modal,liked,2792,1301,1,
P2_062,project2,P2_062_S02,2025-02-01T10:13:03,view,style_picker,liked,274,1514,1,
P2_062,project2,P2_062_S02,2025-02-01T10:13:43,error,story_panel,skipped,2319,1788,1,
P2_062,project2,P2_062_S02,2025-02-01T10:14:00,click,music_player,n/a,4227,1756,1,
P2_062,project2,P2_062_S02,2025-02-01T10:14:36,view,recommendation_card,skipped,3042,1248,1,
P2_062,project2,P2_062_S02,2025-02-01T10:15:06,view,recommendation_card,skipped,214,714,0,
P2_062,project2,P2_062_S02,2025-02-01T10:15:11,submit,story_panel,edited,1681,1249,1,
P2_062,project2,P2_062_S02,2025-02-01T10:15:17,view,music_player,skipped,1191,914,1,
P2_063,project2,P2_063_S01,2025-02-01T09:08:00,ai_request,music_player,,385,1683,1,
P2_063,project2,P2_063_S01,2025-02-01T09:08:13,view,style_picker,,261,315,1,
P2_063,project2,P2_063_S01,2025-02-01T09:08:35,view,music_player,liked,2317,960,1,
P2_063,project2,P2_063_S01,2025-02-01T09:09:15,submit,story_panel,n/a,4054,1663,1,
P2_063,project2,P2_063_S01,2025-02-01T09:09:29,view,style_picker,n/a,3914,257,1,
P2_063,project2,P2_063_S01,2025-02-01T09:10:04,view,recommendation_card,edited,4804,1033,1,
P2_063,project2,P2_063_S01,2025-02-01T09:10:14,error,style_picker,liked,1619,793,0,
P2_063,project2,P2_063_S01,2025-02-01T09:10:32,view,story_panel,,4471,1473,0,
P2_063,project2,P2_063_S01,2025-02-01T09:11:01,click,story_panel,skipped,1862,302,1,
P2_063,project2,P2_063_S01,2025-02-01T09:11:31,click,feedback_modal,liked,559,510,1,
P2_063,project2,P2_063_S01,2025-02-01T09:11:57,ai_request,music_player,skipped,3492,1677,1,
P2_063,project2,P2_063_S01,2025-02-01T09:12:14,click,submit_button,n/a,355,220,1,
P2_063,project2,P2_063_S01,2025-02-01T09:12:39,view,story_panel,skipped,2093,479,1,
P2_063,project2,P2_063_S02,2025-02-01T09:03:00,click,submit_button,skipped,832,588,1,
P2_063,project2,P2_063_S02,2025-02-01T09:03:33,view,story_panel,,1772,1307,1,
P2_063,project2,P2_063_S02,2025-02-01T09:04:10,click,story_panel,skipped,4160,491,1,
P2_063,project2,P2_063_S02,2025-02-01T09:04:31,click,feedback_modal,edited,3438,429,1,
P2_063,project2,P2_063_S02,2025-02-01T09:04:46,click,story_panel,skipped,151,1131,1,
P2_063,project2,P2_063_S02,2025-02-01T09:04:54,error,music_player,liked,2570,800,1,timeout
P2_063,project2,P2_063_S02,2025-02-01T09:05:07,view,music_player,,3354,231,1,
P2_063,project2,P2_063_S02,2025-02-01T09:05:29,ai_request,music_player,,4878,756,1,
P2_063,project2,P2_063_S02,2025-02-01T09:06:04,ai_response,recommendation_card,n/a,285,626,1,
P2_063,project2,P2_063_S02,2025-02-01T09:06:31,click,music_player,liked,3952,1037,0,
P2_063,project2,P2_063_S02,2025-02-01T09:06:55,ai_request,story_panel,liked,2314,906,1,
P2_063,project2,P2_063_S02,2025-02-01T09:07:34,click,recommendation_card,,1176,416,1,
P2_063,project2,P2_063_S02,2025-02-01T09:07:59,ai_response,submit_button,n/a,844,549,1,
P2_063,project2,P2_063_S02,2025-02-01T09:08:29,error,feedback_modal,edited,4489,1047,1,
P2_064,project2,P2_064_S01,2025-02-01T09:16:00,click,story_panel,,4197,1276,1,
P2_064,project2,P2_064_S01,2025-02-01T09:16:06,click,music_player,skipped,4666,381,1,
P2_064,project2,P2_064_S01,2025-02-01T09:16:13,click,submit_button,n/a,1170,375,1,
P2_064,project2,P2_064_S01,2025-02-01T09:16:43,click,feedback_modal,n/a,1751,1004,1,
P2_064,project2,P2_064_S01,2025-02-01T09:16:56,ai_request,style_picker,liked,2382,1306,1,
P2_064,project2,P2_064_S01,2025-02-01T09:17:29,ai_response,story_panel,n/a,1392,440,1,timeout
P2_064,project2,P2_064_S01,2025-02-01T09:18:00,click,recommendation_card,liked,1312,1663,1,
P2_064,project2,P2_064_S01,2025-02-01T09:18:15,view,feedback_modal,skipped,1315,229,1,
P2_064,project2,P2_064_S01,2025-02-01T09:18:33,ai_request,story_panel,,268,237,1,
P2_064,project2,P2_064_S02,2025-02-01T10:35:00,error,recommendation_card,liked,4963,427,1,
P2_064,project2,P2_064_S02,2025-02-01T10:35:38,click,submit_button,,1093,716,1,
P2_064,project2,P2_064_S02,2025-02-01T10:35:44,click,story_panel,skipped,4750,1742,1,
P2_064,project2,P2_064_S02,2025-02-01T10:36:04,view,recommendation_card,liked,3841,1719,1,
P2_064,project2,P2_064_S02,2025-02-01T10:36:38,ai_request,submit_button,,3280,218,1,
P2_064,project2,P2_064_S02,2025-02-01T10:37:02,click,story_panel,n/a,3583,1183,1,
P2_064,project2,P2_064_S02,2025-02-01T10:37:09,view,submit_button,n/a,4319,767,1,
P2_064,project2,P2_064_S02,2025-02-01T10:37:21,ai_response,feedback_modal,liked,3750,368,1,
P2_064,project2,P2_064_S02,2025-02-01T10:37:31,click,feedback_modal,n/a,4648,1522,1,
P2_064,project2,P2_064_S02,2025-02-01T10:38:08,view,submit_button,edited,1329,237,1,
P2_064,project2,P2_064_S02,2025-02-01T10:38:13,view,music_player,edited,2059,768,1,
P2_064,project2,P2_064_S02,2025-02-01T10:38:38,click,submit_button,n/a,4992,712,1,
P2_064,project2,P2_064_S02,2025-02-01T10:39:00,ai_response,recommendation_card,skipped,1314,1666,0,
